"ResponseId","HHCODE","HLOC_STREET","HLOC_CITY","HLOC_ZIP","HTYPE","HTYPE2","HTYPE_TEXT","HTENURE","HLIVED","HLIVED2","HHINC","HHINC2","HHINC3","HHKIDS","HHKIDS2","HHNPER","HHBIKES","HHBIKES2","HHCARS","HHNVEH","COMMENTS","HLOC_LAT","HLOC_LNG","HLOC_ADD","HLOC_PID","HLOC_GEOID","HLOC_APPROX"
"R_yL7CCCTC78nTqiB",1001,"","","","Single-family house, detached from any other house","Single-family","","Owned or mortgaged","1 to 2 years","0 to 5 years","$100,000 to $149,999","$100,000 or more","$75,000 or more","0 (none)",0,2,"2",2,"Yes",1,"",NA,NA,"","","490050010021",FALSE
"R_31azKpDQ6qViwuL",1002,"","","","Single-family house, detached from any other house","Single-family","","Owned or mortgaged","3 to 5 years","0 to 5 years","$50,000 to $74,999","$50,000 to $74,999","$35,000 to $74,999","0 (none)",0,2,"2",2,"Yes",1,"",NA,NA,"","","490050010021",FALSE
"R_a8HK19X41XQe8eJ",1003,"","","","Single-family house, detached from any other house","Single-family","","Owned or mortgaged","11 or more years","6 or more years","$75,000 to $99,999","$75,000 to $99,999","$75,000 or more","0 (none)",0,2,"0",0,"Yes",2,"",NA,NA,"","","490050006003",FALSE
"R_DOEFGvXI2Xqxo1b",1004,"","","","Building with 3 or 4 apartments/condos","Multi-family","","Rented","3 to 5 years","0 to 5 years","$50,000 to $74,999","$50,000 to $74,999","$35,000 to $74,999","1",1,2,"2",2,"Yes",2,"",NA,NA,"","","490050010021",FALSE
"R_3hGZSFkL0C3QCio",1005,"","","","Building with 3 or 4 apartments/condos","Multi-family","","Rented","Less than 1 year","0 to 5 years","$15,000 to $24,999","Less than $25,000","Less than $35,000","0 (none)",0,2,"1",1,"Yes",2,"",NA,NA,"","","490050009002",FALSE
"R_2xQ2rUtv5W6xYHp",1006,"","","","Single-family house, detached from any other house","Single-family","","Owned or mortgaged","Less than 1 year","0 to 5 years","$15,000 to $24,999","Less than $25,000","Less than $35,000","0 (none)",0,2,"1",1,"Yes",2,"",NA,NA,"","","490050010021",FALSE
"R_DpzUHy4QMLbNo77",1007,"","","","Single-family house, detached from any other house","Single-family","","Owned or mortgaged","11 or more years","6 or more years","$35,000 to $49,999","$25,000 to $49,999","$35,000 to $74,999","1",1,1,"5",5,"No",0,"",NA,NA,"","","490050001011",FALSE
"R_1MTdDARmpVYh870",1008,"","","","Single-family house, detached from any other house","Single-family","","Owned or mortgaged","1 to 2 years","0 to 5 years","$25,000 to $34,999","$25,000 to $49,999","Less than $35,000","0 (none)",0,3,"0",0,"Yes",1,"",NA,NA,"","","490050006003",FALSE
"R_2SCTUZmfRxhkn0O",1009,"","","","Single-family house, detached from any other house","Single-family","","Owned or mortgaged","3 to 5 years","0 to 5 years","$15,000 to $24,999","Less than $25,000","Less than $35,000","1",1,2,"1",1,"Yes",2,"",NA,NA,"","","490050011012",FALSE
"R_1Rnexe9wLVdtEtP",1010,"","","","Single-family house, detached from any other house","Single-family","","Owned or mortgaged","11 or more years","6 or more years","$150,000 or more","$100,000 or more","$75,000 or more","0 (none)",0,2,"0",0,"Yes",1,"",NA,NA,"","","490050005013",FALSE
"R_1mk0LyTdYL35MJm",1011,"","","","Building with 3 or 4 apartments/condos","Multi-family","","Rented","1 to 2 years","0 to 5 years","$25,000 to $34,999","$25,000 to $49,999","Less than $35,000","0 (none)",0,1,"0",0,"Yes",1,"",NA,NA,"","","490050010022",FALSE
"R_1HjDnei5NlHOur9",1012,"","","","Single-family house, detached from any other house","Single-family","","Owned or mortgaged","11 or more years","6 or more years","$50,000 to $74,999","$50,000 to $74,999","$35,000 to $74,999","0 (none)",0,1,"1",1,"No",0,"",NA,NA,"","","490050004012",FALSE
"R_1LwJTAau9xPVmkf",1013,"","","","Single-family house, detached from any other house","Single-family","","Rented","3 to 5 years","0 to 5 years","$15,000 to $24,999","Less than $25,000","Less than $35,000","0 (none)",0,1,"1",1,"Yes",1,"",NA,NA,"","","490050004022",FALSE
"R_24pElhELjTDGjW0",1014,"","","","Building with 3 or 4 apartments/condos","Multi-family","","Rented","1 to 2 years","0 to 5 years","$10,000 to $14,999","Less than $25,000","Less than $35,000","0 (none)",0,1,"0",0,"Yes",1,"",NA,NA,"","","490050001011",FALSE
"R_6uvUyCxqbAROqgp",1015,"","","","Building with 3 or 4 apartments/condos","Multi-family","","Rented","Less than 1 year","0 to 5 years","Less than $10,000","Less than $25,000","Less than $35,000","0 (none)",0,2,"0",0,"Yes",2,"",NA,NA,"","","490050010011",FALSE
"R_31hdqNJ2qTVIYHh",1016,"","","","Single-family house, detached from any other house","Single-family","","Owned or mortgaged","1 to 2 years","0 to 5 years","$50,000 to $74,999","$50,000 to $74,999","$35,000 to $74,999","2",2,2,"2",2,"Yes",1,"",NA,NA,"","","490050009002",FALSE
"R_2ZCaENeMMgMF2Lx",1017,"","","","Single-family house, detached from any other house","Single-family","","Rented","3 to 5 years","0 to 5 years","$50,000 to $74,999","$50,000 to $74,999","$35,000 to $74,999","4",4,3,"1",1,"Yes",2,"",NA,NA,"","","490050009003",FALSE
"R_3j2rTkIYavnbzSk",1018,"","","","Building with 3 or 4 apartments/condos","Multi-family","","Rented","6 to 10 years","6 or more years","$35,000 to $49,999","$25,000 to $49,999","$35,000 to $74,999","0 (none)",0,2,"3",3,"Yes",2,"",NA,NA,"","","490050010021",FALSE
"R_QmlanPzFRliD3dD",1019,"","","","Building with 3 or 4 apartments/condos","Multi-family","","Rented","Less than 1 year","0 to 5 years","$50,000 to $74,999","$50,000 to $74,999","$35,000 to $74,999","3",3,2,"4",4,"Yes",2,"",NA,NA,"","","490050010011",FALSE
"R_21vnZWvCXZQCsJN",1020,"","","","Single-family house, detached from any other house","Single-family","","Owned or mortgaged","11 or more years","6 or more years","$35,000 to $49,999","$25,000 to $49,999","$35,000 to $74,999","0 (none)",0,2,"2",2,"Yes",2,"",NA,NA,"","","490050009002",FALSE
"R_2D2ou3fThOhNvzA",1021,"","","","Single-family house, detached from any other house","Single-family","","Owned or mortgaged","11 or more years","6 or more years","$100,000 to $149,999","$100,000 or more","$75,000 or more","0 (none)",0,1,"2",2,"Yes",2,"",NA,NA,"","","490050004022",FALSE
"R_2P7NkHXwYoJ1bRu",1022,"","","","Single-family house, detached from any other house","Single-family","","Owned or mortgaged","6 to 10 years","6 or more years","$35,000 to $49,999","$25,000 to $49,999","$35,000 to $74,999","1",1,2,"1",1,"Yes",2,"",NA,NA,"","","490050009002",FALSE
"R_3k5rXDGhMwwude2",1023,"","","","Single-family house, detached from any other house","Single-family","","Owned or mortgaged","11 or more years","6 or more years","$100,000 to $149,999","$100,000 or more","$75,000 or more","0 (none)",0,1,"1",1,"Yes",1,"",NA,NA,"","","490050011012",FALSE
"R_31WOxK98HTSrbUn",1024,"","","","Single-family house, detached from any other house","Single-family","","Owned or mortgaged","11 or more years","6 or more years","$150,000 or more","$100,000 or more","$75,000 or more","0 (none)",0,2,"2",2,"Yes",2,"",NA,NA,"","","490050009002",FALSE
"R_0jKkcmvzxEbpnup",1025,"","","","Single-family house, detached from any other house","Single-family","","Rented","1 to 2 years","0 to 5 years","$15,000 to $24,999","Less than $25,000","Less than $35,000","0 (none)",0,1,"4",4,"Yes",1,"",NA,NA,"","","490050009003",FALSE
"R_xfl3tEdAoXHQDxn",1026,"","","","Single-family house, detached from any other house","Single-family","","Owned or mortgaged","11 or more years","6 or more years","$50,000 to $74,999","$50,000 to $74,999","$35,000 to $74,999","2",2,4,"3",3,"Yes",4,"",NA,NA,"","","490050006003",FALSE
"R_1hxTg43lUEL1ZMu",1027,"","","","Single-family house, detached from any other house","Single-family","","Owned or mortgaged","6 to 10 years","6 or more years","Prefer not to answer","Unknown","Unknown","3",3,2,"4",4,"Yes",2,"",NA,NA,"","","490050012022",FALSE
"R_1dpjn0VNFG0cMvH",1028,"","","","Single-family house, detached from any other house","Single-family","","Owned or mortgaged","1 to 2 years","0 to 5 years","$75,000 to $99,999","$75,000 to $99,999","$75,000 or more","3",3,2,"5",5,"Yes",1,"",NA,NA,"","","490050004022",FALSE
"R_vTaR74IEUZuWnaF",1029,"","","","Single-family house, detached from any other house","Single-family","","Owned or mortgaged","3 to 5 years","0 to 5 years","$100,000 to $149,999","$100,000 or more","$75,000 or more","3",3,2,"2",2,"Yes",2,"",NA,NA,"","","490050012022",FALSE
"R_3nOebaZ3nxd7eID",1030,"","","","Single-family house, detached from any other house","Single-family","","Owned or mortgaged","11 or more years","6 or more years","$75,000 to $99,999","$75,000 to $99,999","$75,000 or more","3",3,4,"6+",6,"Yes",3,"",NA,NA,"","","490050012022",FALSE
"R_1d1hdDkVjeNsHBX",1031,"","","","Building with 3 or 4 apartments/condos","Multi-family","","Rented","Less than 1 year","0 to 5 years","Prefer not to answer","Unknown","Unknown","0 (none)",0,2,"1",1,"Yes",1,"",NA,NA,"","","490050005014",FALSE
"R_1l47FeXb4CWDwny",1032,"","","","Single-family house, detached from any other house","Single-family","","Owned or mortgaged","3 to 5 years","0 to 5 years","$50,000 to $74,999","$50,000 to $74,999","$35,000 to $74,999","1",1,4,"1",1,"Yes",4,"",NA,NA,"","","490050011012",FALSE
"R_aWPgbiiILoDPIl3",1033,"","","","Single-family house, detached from any other house","Single-family","","Owned or mortgaged","11 or more years","6 or more years","$50,000 to $74,999","$50,000 to $74,999","$35,000 to $74,999","0 (none)",0,2,"1",1,"Yes",2,"",NA,NA,"","","490050004022",FALSE
"R_3mkIu2CE3xmH0ol",1034,"","","","Building with 2 apartments/condos (duplex)","Multi-family","","Rented","1 to 2 years","0 to 5 years","$35,000 to $49,999","$25,000 to $49,999","$35,000 to $74,999","0 (none)",0,2,"1",1,"Yes",2,"",NA,NA,"","","490050005014",FALSE
"R_bI3NRdfK8fBmjCx",1035,"","","","Building with 3 or 4 apartments/condos","Multi-family","","Rented","Less than 1 year","0 to 5 years","Prefer not to answer","Unknown","Unknown","0 (none)",0,2,"1",1,"Yes",1,"",NA,NA,"","","490050005014",FALSE
"R_1GuVjXx3TNsRxAO",1036,"","","","Building with 3 or 4 apartments/condos","Multi-family","","Rented","Less than 1 year","0 to 5 years","$35,000 to $49,999","$25,000 to $49,999","$35,000 to $74,999","0 (none)",0,2,"0",0,"Yes",2,"",NA,NA,"","","490050008001",FALSE
"R_3LdmM6XPfkNyBgw",1037,"","","","Single-family house, detached from any other house","Single-family","","Owned or mortgaged","6 to 10 years","6 or more years","Prefer not to answer","Unknown","Unknown","0 (none)",0,2,"2",2,"Yes",2,"",NA,NA,"","","490050001011",FALSE
"R_1n9hutW6fV9hE5V",1038,"","","","Building with 2 apartments/condos (duplex)","Multi-family","","Rented","Less than 1 year","0 to 5 years","$25,000 to $34,999","$25,000 to $49,999","Less than $35,000","0 (none)",0,2,"1",1,"Yes",1,"",NA,NA,"","","490050006003",FALSE
"R_2PuHpInToxvAW4z",1039,"","","","Single-family house, detached from any other house","Single-family","","Owned or mortgaged","11 or more years","6 or more years","$75,000 to $99,999","$75,000 to $99,999","$75,000 or more","1",1,3,"6+",6,"Yes",3,"",NA,NA,"","","490050004012",FALSE
"R_dbvaw028su7ELWF",1040,"","","","Building with 2 apartments/condos (duplex)","Multi-family","","Rented","1 to 2 years","0 to 5 years","$25,000 to $34,999","$25,000 to $49,999","Less than $35,000","0 (none)",0,1,"0",0,"Yes",2,"",NA,NA,"","","490050008002",FALSE
"R_1C13EbVL3qAjLiN",1041,"","","","Single-family house, detached from any other house","Single-family","","Owned or mortgaged","11 or more years","6 or more years","$150,000 or more","$100,000 or more","$75,000 or more","0 (none)",0,2,"3",3,"Yes",2,"",NA,NA,"","","490050011012",FALSE
"R_oXpdHONH3P37o4N",1042,"","","","Single-family house, detached from any other house","Single-family","","Owned or mortgaged","11 or more years","6 or more years","$100,000 to $149,999","$100,000 or more","$75,000 or more","2",2,3,"2",2,"Yes",4,"",NA,NA,"","","490050012022",FALSE
"R_22EpRhxOV6blEWn",1043,"","","","Single-family house, detached from any other house","Single-family","","Owned or mortgaged","6 to 10 years","6 or more years","$15,000 to $24,999","Less than $25,000","Less than $35,000","1",1,2,"1",1,"Yes",3,"",NA,NA,"","","490050004012",FALSE
"R_2WDd1X1ZNVoCi8r",1044,"","","","Single-family house, detached from any other house","Single-family","","Owned or mortgaged","11 or more years","6 or more years","$35,000 to $49,999","$25,000 to $49,999","$35,000 to $74,999","0 (none)",0,1,"0",0,"Yes",1,"",NA,NA,"","","490050004022",FALSE
"R_C9PNqRBZPreskpz",1045,"","","","Single-family house, detached from any other house","Single-family","","Owned or mortgaged","6 to 10 years","6 or more years","$50,000 to $74,999","$50,000 to $74,999","$35,000 to $74,999","3",3,2,"6+",6,"Yes",2,"",NA,NA,"","","490050011012",FALSE
"R_9TeZj7l40yErW8x",1046,"","","","Single-family house, detached from any other house","Single-family","","Rented","1 to 2 years","0 to 5 years","$25,000 to $34,999","$25,000 to $49,999","Less than $35,000","0 (none)",0,2,"1",1,"Yes",2,"",NA,NA,"","","490050009003",FALSE
"R_1IHuXoAFsbwblZf",1047,"","","","Single-family house, detached from any other house","Single-family","","Owned or mortgaged","11 or more years","6 or more years","$100,000 to $149,999","$100,000 or more","$75,000 or more","0 (none)",0,2,"1",1,"Yes",3,"",NA,NA,"","","490050011012",FALSE
"R_2qqqE6DTjudAISu",1048,"","","","Single-family house, detached from any other house","Single-family","","Owned or mortgaged","11 or more years","6 or more years","$75,000 to $99,999","$75,000 to $99,999","$75,000 or more","0 (none)",0,2,"2",2,"Yes",3,"",NA,NA,"","","490050004022",FALSE
"R_2cpv28Yo9h8NenM",1049,"","","","Single-family house, detached from any other house","Single-family","","Owned or mortgaged","11 or more years","6 or more years","Prefer not to answer","Unknown","Unknown","0 (none)",0,2,"4",4,"Yes",3,"",NA,NA,"","","490050012011",FALSE
"R_PBQSkn3yFLyraLL",1050,"","","","Single-family house, detached from any other house","Single-family","","Owned or mortgaged","6 to 10 years","6 or more years","$150,000 or more","$100,000 or more","$75,000 or more","0 (none)",0,2,"5",5,"Yes",2,"",NA,NA,"","","490050009003",FALSE
"R_3etcpDpTn6FooDx",1051,"","","","Single-family house, detached from any other house","Single-family","","Owned or mortgaged","3 to 5 years","0 to 5 years","$100,000 to $149,999","$100,000 or more","$75,000 or more","4",4,2,"6+",6,"Yes",2,"",NA,NA,"","","490050014021",FALSE
"R_1lyjJkT2jpv8DrU",1052,"","","","Single-family house, detached from any other house","Single-family","","Owned or mortgaged","1 to 2 years","0 to 5 years","$75,000 to $99,999","$75,000 to $99,999","$75,000 or more","0 (none)",0,4,"1",1,"Yes",2,"",NA,NA,"","","490050005014",FALSE
"R_6MejJARqvqszdct",1053,"","","","Single-family house, detached from any other house","Single-family","","Owned or mortgaged","3 to 5 years","0 to 5 years","$100,000 to $149,999","$100,000 or more","$75,000 or more","0 (none)",0,2,"0",0,"Yes",2,"",NA,NA,"","","490050004012",FALSE
"R_3huqg5SuM4ZRwZY",1054,"","","","Single-family house, attached to other houses (row house)","Single-family","","Rented","1 to 2 years","0 to 5 years","$15,000 to $24,999","Less than $25,000","Less than $35,000","0 (none)",0,2,"2",2,"Yes",2,"",NA,NA,"","","490050005014",FALSE
"R_1jHsst9CXgJIxLk",1055,"","","","Single-family house, detached from any other house","Single-family","","Owned or mortgaged","3 to 5 years","0 to 5 years","$150,000 or more","$100,000 or more","$75,000 or more","2",2,2,"4",4,"Yes",2,"",NA,NA,"","","490050004022",FALSE
"R_sb28uERNwLdkFEZ",1056,"","","","Building with 3 or 4 apartments/condos","Multi-family","","Rented","3 to 5 years","0 to 5 years","$25,000 to $34,999","$25,000 to $49,999","Less than $35,000","0 (none)",0,2,"2",2,"Yes",2,"",NA,NA,"","","490050005013",FALSE
"R_2hm0nQ4FCeIgL4J",1057,"","","","Single-family house, detached from any other house","Single-family","","Owned or mortgaged","11 or more years","6 or more years","$75,000 to $99,999","$75,000 to $99,999","$75,000 or more","0 (none)",0,2,"2",2,"Yes",3,"",NA,NA,"","","490050001011",FALSE
"R_rovMKTOWpQHpPsB",1058,"","","","Single-family house, detached from any other house","Single-family","","Owned or mortgaged","3 to 5 years","0 to 5 years","$150,000 or more","$100,000 or more","$75,000 or more","0 (none)",0,2,"0",0,"Yes",2,"",NA,NA,"","","490050008002",FALSE
"R_2cAeL9jaZBr1WUw",1059,"","","","Building with 3 or 4 apartments/condos","Multi-family","","Rented","3 to 5 years","0 to 5 years","$25,000 to $34,999","$25,000 to $49,999","Less than $35,000","2",2,2,"0",0,"Yes",1,"",NA,NA,"","","490050005013",FALSE
"R_ehsHgHqCUKuJ3HP",1060,"","","","Building with 3 or 4 apartments/condos","Multi-family","","Rented","Less than 1 year","0 to 5 years","$15,000 to $24,999","Less than $25,000","Less than $35,000","0 (none)",0,2,"1",1,"Yes",1,"",NA,NA,"","","490050005013",FALSE
"R_2Cgs8tVN0eE8uVm",1061,"","","","Single-family house, detached from any other house","Single-family","","Owned or mortgaged","3 to 5 years","0 to 5 years","$50,000 to $74,999","$50,000 to $74,999","$35,000 to $74,999","4",4,2,"4",4,"Yes",2,"",NA,NA,"","","490050012022",FALSE
"R_vYv1P7Qe0R9HXEJ",1062,"","","","Single-family house, detached from any other house","Single-family","","Rented","1 to 2 years","0 to 5 years","$10,000 to $14,999","Less than $25,000","Less than $35,000","0 (none)",0,1,"1",1,"Yes",1,"",NA,NA,"","","490050008002",FALSE
"R_1pL3ijj7rX4IVKN",1063,"","","","Single-family house, detached from any other house","Single-family","","Owned or mortgaged","1 to 2 years","0 to 5 years","Prefer not to answer","Unknown","Unknown","5+",5,2,"4",4,"Yes",2,"",NA,NA,"","","490050012022",FALSE
"R_1ovbQnX1OdobXf4",1064,"","","","Building with 3 or 4 apartments/condos","Multi-family","","Rented","1 to 2 years","0 to 5 years","$50,000 to $74,999","$50,000 to $74,999","$35,000 to $74,999","0 (none)",0,2,"2",2,"Yes",2,"",NA,NA,"","","490050005014",FALSE
"R_1lgg0DSHsHw4piN",1065,"","","","Single-family house, detached from any other house","Single-family","","Owned or mortgaged","3 to 5 years","0 to 5 years","$150,000 or more","$100,000 or more","$75,000 or more","4",4,2,"6+",6,"Yes",2,"",NA,NA,"","","490050012022",FALSE
"R_2rl8XalDvPrjUDP",1066,"","","","Mobile home or trailer","Single-family","","Owned or mortgaged","3 to 5 years","0 to 5 years","$25,000 to $34,999","$25,000 to $49,999","Less than $35,000","0 (none)",0,1,"0",0,"Yes",1,"",NA,NA,"","","490050005014",FALSE
"R_2tKEBIEwavniv4K",1067,"","","","Building with 3 or 4 apartments/condos","Multi-family","","Rented","1 to 2 years","0 to 5 years","$10,000 to $14,999","Less than $25,000","Less than $35,000","3",3,2,"1",1,"Yes",1,"",NA,NA,"","","490050010021",FALSE
"R_2fwKchkJbHqKLDT",1068,"","","","Single-family house, detached from any other house","Single-family","","Owned or mortgaged","6 to 10 years","6 or more years","$75,000 to $99,999","$75,000 to $99,999","$75,000 or more","0 (none)",0,2,"6+",6,"Yes",2,"",NA,NA,"","","490050009002",FALSE
"R_PGSPuh9ZRjrwQet",1069,"","","","Single-family house, detached from any other house","Single-family","","Owned or mortgaged","1 to 2 years","0 to 5 years","$100,000 to $149,999","$100,000 or more","$75,000 or more","1",1,2,"3",3,"Yes",2,"",NA,NA,"","","490050010022",FALSE
"R_BP6F9xXbUT3K8Rb",1070,"","","","Single-family house, detached from any other house","Single-family","","Owned or mortgaged","Less than 1 year","0 to 5 years","$50,000 to $74,999","$50,000 to $74,999","$35,000 to $74,999","0 (none)",0,1,"1",1,"Yes",1,"",NA,NA,"","","490050006003",FALSE
"R_26lOJFXwX60p9pb",1071,"","","","Single-family house, detached from any other house","Single-family","","Owned or mortgaged","3 to 5 years","0 to 5 years","$100,000 to $149,999","$100,000 or more","$75,000 or more","1",1,2,"1",1,"Yes",2,"",NA,NA,"","","490050005014",FALSE
"R_3Rm5Wun07h9uP8C",1072,"","","","Single-family house, detached from any other house","Single-family","","Rented","1 to 2 years","0 to 5 years","$15,000 to $24,999","Less than $25,000","Less than $35,000","0 (none)",0,1,"1",1,"Yes",1,"",NA,NA,"","","490050008003",FALSE
"R_2RaJVZr4TzhaL4t",1073,"","","","Single-family house, detached from any other house","Single-family","","Rented","Less than 1 year","0 to 5 years","$25,000 to $34,999","$25,000 to $49,999","Less than $35,000","0 (none)",0,1,"5",5,"Yes",1,"",NA,NA,"","","490050008002",FALSE
"R_29tPC4GyrxflrEe",1074,"","","","Single-family house, detached from any other house","Single-family","","Owned or mortgaged","1 to 2 years","0 to 5 years","$35,000 to $49,999","$25,000 to $49,999","$35,000 to $74,999","1",1,2,"1",1,"Yes",2,"",NA,NA,"","","490050005013",FALSE
"R_3EpaWiKQHGj8ADj",1075,"","","","Building with 3 or 4 apartments/condos","Multi-family","","Rented","Less than 1 year","0 to 5 years","$15,000 to $24,999","Less than $25,000","Less than $35,000","0 (none)",0,2,"0",0,"Yes",2,"",NA,NA,"","","490050010021",FALSE
"R_12KGZTQUksT3Jc1",1076,"","","","Single-family house, detached from any other house","Single-family","","Owned or mortgaged","11 or more years","6 or more years","Do not know","Unknown","Unknown","2",2,2,"3",3,"Yes",2,"",NA,NA,"","","490050004012",FALSE
"R_3F3hKU80vnok5t6",1077,"","","","Single-family house, detached from any other house","Single-family","","Owned or mortgaged","11 or more years","6 or more years","$150,000 or more","$100,000 or more","$75,000 or more","0 (none)",0,2,"0",0,"Yes",2,"",NA,NA,"","","490050011012",FALSE
"R_3hFLHrzp49nneEP",1078,"","","","Single-family house, detached from any other house","Single-family","","Owned or mortgaged","3 to 5 years","0 to 5 years","$50,000 to $74,999","$50,000 to $74,999","$35,000 to $74,999","0 (none)",0,2,"0",0,"Yes",2,"",NA,NA,"","","490050005014",FALSE
"R_zcWuPp5mQUgH46R",1079,"","","","Single-family house, detached from any other house","Single-family","","Owned or mortgaged","11 or more years","6 or more years","$100,000 to $149,999","$100,000 or more","$75,000 or more","0 (none)",0,2,"1",1,"Yes",1,"",NA,NA,"","","490050001011",FALSE
"R_1Stq2BcspMHGoP7",1080,"","","","Single-family house, detached from any other house","Single-family","","Owned or mortgaged","11 or more years","6 or more years","$25,000 to $34,999","$25,000 to $49,999","Less than $35,000","0 (none)",0,1,"1",1,"Yes",2,"",NA,NA,"","","490050005013",FALSE
"R_25WKoWFdnDbF1bE",1081,"","","","Single-family house, detached from any other house","Single-family","","Rented","1 to 2 years","0 to 5 years","$50,000 to $74,999","$50,000 to $74,999","$35,000 to $74,999","2",2,2,"4",4,"Yes",2,"",NA,NA,"","","490050012022",FALSE
"R_zU1wziHVJyetjYl",1082,"","","","Single-family house, detached from any other house","Single-family","","Owned or mortgaged","Less than 1 year","0 to 5 years","$75,000 to $99,999","$75,000 to $99,999","$75,000 or more","2",2,2,"2",2,"Yes",1,"",NA,NA,"","","490050012022",FALSE
"R_3P7C6wXBqrWJ0L9",1083,"","","","Building with 3 or 4 apartments/condos","Multi-family","","Rented","6 to 10 years","6 or more years","$25,000 to $34,999","$25,000 to $49,999","Less than $35,000","0 (none)",0,2,"0",0,"No",0,"",NA,NA,"","","490050005014",FALSE
"R_1ITpKXt1oofturA",1084,"","","","Single-family house, detached from any other house","Single-family","","Owned or mortgaged","11 or more years","6 or more years",NA,NA,NA,"0 (none)",0,2,"0",0,"Yes",2,"",NA,NA,"","","490050005013",FALSE
"R_Uotk9HmSJhxXvvb",1085,"","","","Building with 2 apartments/condos (duplex)","Multi-family","","Rented","Less than 1 year","0 to 5 years","$10,000 to $14,999","Less than $25,000","Less than $35,000","0 (none)",0,2,"2",2,"Yes",1,"",NA,NA,"","","490050010021",FALSE
"R_Xpm36oS0elTcbCh",1086,"","","","Single-family house, detached from any other house","Single-family","","Owned or mortgaged","11 or more years","6 or more years","$50,000 to $74,999","$50,000 to $74,999","$35,000 to $74,999","0 (none)",0,1,"1",1,"Yes",1,"",NA,NA,"","","490050004031",FALSE
"R_12QpdwQaYsg4Woa",1087,"","","","Single-family house, detached from any other house","Single-family","","Owned or mortgaged","6 to 10 years","6 or more years","$150,000 or more","$100,000 or more","$75,000 or more","1",1,1,"4",4,"Yes",2,"",NA,NA,"","","490050004022",FALSE
"R_ROI1Rz2HNjMerVT",1088,"","","","Building with 3 or 4 apartments/condos","Multi-family","","Rented","3 to 5 years","0 to 5 years","$35,000 to $49,999","$25,000 to $49,999","$35,000 to $74,999","0 (none)",0,1,"1",1,NA,0,"",NA,NA,"","","490050014021",FALSE
"R_9tvEjaInbMekxup",1089,"","","","Mobile home or trailer","Single-family","","Owned or mortgaged","11 or more years","6 or more years","$10,000 to $14,999","Less than $25,000","Less than $35,000","0 (none)",0,1,"0",0,"No",0,"",NA,NA,"","","490050005014",FALSE
"R_1LXTobEljm6mnz3",1090,"","","","Single-family house, detached from any other house","Single-family","","Owned or mortgaged","11 or more years","6 or more years","$15,000 to $24,999","Less than $25,000","Less than $35,000","0 (none)",0,2,"2",2,"Yes",2,"",NA,NA,"","","490050004022",FALSE
"R_6SizP2EnZublFE5",1091,"","","","Single-family house, detached from any other house","Single-family","","Owned or mortgaged","Less than 1 year","0 to 5 years","$50,000 to $74,999","$50,000 to $74,999","$35,000 to $74,999","2",2,3,"1",1,"Yes",3,"",NA,NA,"","","490050004012",FALSE
"R_1GVmoXwTzs3MwIU",1092,"","","","Single-family house, detached from any other house","Single-family","","Owned or mortgaged","11 or more years","6 or more years","$50,000 to $74,999","$50,000 to $74,999","$35,000 to $74,999","2",2,2,"1",1,"Yes",3,"",NA,NA,"","","490050012022",FALSE
"R_TdOItipr7fuyhJ7",1093,"","","","Single-family house, detached from any other house","Single-family","","Owned or mortgaged","11 or more years","6 or more years","$50,000 to $74,999","$50,000 to $74,999","$35,000 to $74,999","0 (none)",0,2,"4",4,"Yes",3,"",NA,NA,"","","490050001011",FALSE
"R_DMsrIPpEcqK1OkF",1094,"","","","Building with 3 or 4 apartments/condos","Multi-family","","Rented","Less than 1 year","0 to 5 years","$10,000 to $14,999","Less than $25,000","Less than $35,000","0 (none)",0,2,"0",0,"Yes",2,"",NA,NA,"","","490050005013",FALSE
"R_32KliOVAxSGLc3c",1095,"","","","Single-family house, detached from any other house","Single-family","","Owned or mortgaged","11 or more years","6 or more years","$50,000 to $74,999","$50,000 to $74,999","$35,000 to $74,999","2",2,3,"5",5,"Yes",3,"",NA,NA,"","","490050012022",FALSE
"R_1K45OP9TXgjZUCH",1096,"","","","Single-family house, detached from any other house","Single-family","","Owned or mortgaged","1 to 2 years","0 to 5 years","$50,000 to $74,999","$50,000 to $74,999","$35,000 to $74,999","1",1,2,"2",2,"Yes",2,"",NA,NA,"","","490050011012",FALSE
"R_4NNYMxfvA9v0TKh",1097,"","","","Single-family house, detached from any other house","Single-family","","Owned or mortgaged","Less than 1 year","0 to 5 years","$15,000 to $24,999","Less than $25,000","Less than $35,000","0 (none)",0,2,"1",1,"Yes",3,"",NA,NA,"","","490050005014",FALSE
"R_29b10Qrw8m1Jjiu",1098,"","","","Single-family house, detached from any other house","Single-family","","Owned or mortgaged","3 to 5 years","0 to 5 years","$25,000 to $34,999","$25,000 to $49,999","Less than $35,000","2",2,2,"4",4,"Yes",2,"",NA,NA,"","","490050009002",FALSE
"R_3iElCnTAqsNeRPa",1099,"","","","Single-family house, detached from any other house","Single-family","","Owned or mortgaged","Less than 1 year","0 to 5 years","$50,000 to $74,999","$50,000 to $74,999","$35,000 to $74,999","3",3,2,"3",3,"Yes",2,"",NA,NA,"","","490050012022",FALSE
"R_6QAut8ntAsw9Yjv",1100,"","","","Single-family house, detached from any other house","Single-family","","Owned or mortgaged","11 or more years","6 or more years","$100,000 to $149,999","$100,000 or more","$75,000 or more","3",3,2,"3",3,"Yes",4,"",NA,NA,"","","490050011012",FALSE
"R_2WC1VnOdfakNahI",1101,"","","","Single-family house, detached from any other house","Single-family","","Owned or mortgaged","11 or more years","6 or more years","$25,000 to $34,999","$25,000 to $49,999","Less than $35,000","0 (none)",0,1,"2",2,"Yes",1,"",NA,NA,"","","490050009003",FALSE
"R_wLQoZeBonb94CwV",1102,"","","","Single-family house, detached from any other house","Single-family","","Owned or mortgaged","6 to 10 years","6 or more years","$75,000 to $99,999","$75,000 to $99,999","$75,000 or more","0 (none)",0,1,"1",1,"Yes",1,"",NA,NA,"","","490050004031",FALSE
"R_1i9748ra8gzJLPz",1103,"","","","Single-family house, detached from any other house","Single-family","","Owned or mortgaged","11 or more years","6 or more years","$50,000 to $74,999","$50,000 to $74,999","$35,000 to $74,999","0 (none)",0,2,"2",2,"Yes",2,"",NA,NA,"","","490050006003",FALSE
"R_3nSpYYHQ3KM0FvK",1104,"","","","Single-family house, detached from any other house","Single-family","","Owned or mortgaged","6 to 10 years","6 or more years","$50,000 to $74,999","$50,000 to $74,999","$35,000 to $74,999","2",2,1,"4",4,"Yes",3,"",NA,NA,"","","490050005013",FALSE
"R_1gqqYCNFgN7ivgQ",1105,"","","","Single-family house, detached from any other house","Single-family","","Owned or mortgaged","11 or more years","6 or more years","$100,000 to $149,999","$100,000 or more","$75,000 or more","5+",5,2,"1",1,"Yes",3,"",NA,NA,"","","490050012011",FALSE
"R_w7QXBEPopbwb8E9",1106,"","","","Single-family house, detached from any other house","Single-family","","Owned or mortgaged","Less than 1 year","0 to 5 years","$100,000 to $149,999","$100,000 or more","$75,000 or more","1",1,2,"0",0,"Yes",3,"",NA,NA,"","","490050011012",FALSE
"R_22ELPapwnESsGEe",1107,"","","","Single-family house, detached from any other house","Single-family","","Owned or mortgaged","3 to 5 years","0 to 5 years","$100,000 to $149,999","$100,000 or more","$75,000 or more","0 (none)",0,5,"2",2,"Yes",5,"",NA,NA,"","","490050004012",FALSE
"R_RIaKOLXikBrjivv",1108,"","","","Building with 5 to 9 apartments/condos","Multi-family","","Rented","1 to 2 years","0 to 5 years","$35,000 to $49,999","$25,000 to $49,999","$35,000 to $74,999","0 (none)",0,2,"1",1,"Yes",2,"",NA,NA,"","","490050008002",FALSE
"R_3Jsis9UcAjbaMJx",1109,"","","","Single-family house, detached from any other house","Single-family","","Rented","3 to 5 years","0 to 5 years","$10,000 to $14,999","Less than $25,000","Less than $35,000","0 (none)",0,1,"2",2,"Yes",1,"",NA,NA,"","","490050008002",FALSE
"R_0T9jzU4wwDbOOm5",1110,"","","","Single-family house, detached from any other house","Single-family","","Owned or mortgaged","11 or more years","6 or more years","Prefer not to answer","Unknown","Unknown","3",3,2,"5",5,"Yes",2,"",NA,NA,"","","490050008002",FALSE
"R_u2H9uER9QLhDG5b",1111,"","","","Single-family house, detached from any other house","Single-family","","Owned or mortgaged","6 to 10 years","6 or more years","$50,000 to $74,999","$50,000 to $74,999","$35,000 to $74,999","5+",5,2,"2",2,"Yes",2,"",NA,NA,"","","490050012022",FALSE
"R_1MQEbLVGiA7tYMi",1112,"","","","Building with 5 to 9 apartments/condos","Multi-family","","Rented","Less than 1 year","0 to 5 years","$15,000 to $24,999","Less than $25,000","Less than $35,000","0 (none)",0,2,"1",1,"Yes",2,"",NA,NA,"","","490050010021",FALSE
"R_yr9FkAibLoi8T1D",1113,"","","","Building with 3 or 4 apartments/condos","Multi-family","","Rented","Less than 1 year","0 to 5 years","$10,000 to $14,999","Less than $25,000","Less than $35,000","0 (none)",0,2,"0",0,"Yes",2,"",NA,NA,"","","490050009002",FALSE
"R_1l5YVifxBTTMqMg",1114,"","","","Single-family house, detached from any other house","Single-family","","Owned or mortgaged","11 or more years","6 or more years","Prefer not to answer","Unknown","Unknown","0 (none)",0,2,"0",0,"Yes",2,"",NA,NA,"","","490050004022",FALSE
"R_22tXIFQdYHcPilx",1115,"","","","Single-family house, detached from any other house","Single-family","","Owned or mortgaged","1 to 2 years","0 to 5 years","$150,000 or more","$100,000 or more","$75,000 or more","0 (none)",0,2,"2",2,"Yes",1,"",NA,NA,"","","490050004031",FALSE
"R_1lubW6oOMdnkrV2",1116,"","","","Building with 3 or 4 apartments/condos","Multi-family","","Rented","1 to 2 years","0 to 5 years","$15,000 to $24,999","Less than $25,000","Less than $35,000","0 (none)",0,2,"2",2,"Yes",1,"",NA,NA,"","","490050008002",FALSE
"R_3MPWp02lyJUHrGH",1117,"","","","Building with 2 apartments/condos (duplex)","Multi-family","","Rented","1 to 2 years","0 to 5 years","$35,000 to $49,999","$25,000 to $49,999","$35,000 to $74,999","0 (none)",0,2,"0",0,"Yes",2,"",NA,NA,"","","490050010012",FALSE
"R_3khqc32eTYpwTBS",1118,"","","","Building with 20 or more apartments/condos","Multi-family","","Rented","Less than 1 year","0 to 5 years","Less than $10,000","Less than $25,000","Less than $35,000","0 (none)",0,1,"0",0,"Yes",1,"",NA,NA,"","","490050008002",FALSE
"R_1mVg4FxwZGgDpG4",1119,"","","","Single-family house, detached from any other house","Single-family","","Owned or mortgaged","11 or more years","6 or more years","$75,000 to $99,999","$75,000 to $99,999","$75,000 or more","2",2,2,"2",2,"Yes",2,"",NA,NA,"","","490050009002",FALSE
"R_1CyBFPlsffcK1GJ",1120,"","","","Single-family house, detached from any other house","Single-family","","Rented","11 or more years","6 or more years","$50,000 to $74,999","$50,000 to $74,999","$35,000 to $74,999","1",1,2,"1",1,"Yes",3,"",NA,NA,"","","490050012011",FALSE
"R_eXojenvScMCKzRf",1121,"","","","Single-family house, detached from any other house","Single-family","","Owned or mortgaged","11 or more years","6 or more years","Prefer not to answer","Unknown","Unknown","0 (none)",0,1,"2",2,"Yes",1,"",NA,NA,"","","490050011012",FALSE
"R_pbL5p4NNdS6vm2B",1122,"","","","Single-family house, detached from any other house","Single-family","","Rented","6 to 10 years","6 or more years","$35,000 to $49,999","$25,000 to $49,999","$35,000 to $74,999","2",2,2,"1",1,"Yes",1,"",NA,NA,"","","490050010021",FALSE
"R_RQwKNaHEcrgl5KN",1123,"","","","Single-family house, detached from any other house","Single-family","","Owned or mortgaged","11 or more years","6 or more years","$50,000 to $74,999","$50,000 to $74,999","$35,000 to $74,999","2",2,3,"5",5,"Yes",3,"",NA,NA,"","","490050010011",FALSE
"R_3kbTS9Ln8p5fb7c",1124,"","","","Building with 2 apartments/condos (duplex)","Multi-family","","Rented","Less than 1 year","0 to 5 years","$35,000 to $49,999","$25,000 to $49,999","$35,000 to $74,999","0 (none)",0,2,"1",1,"Yes",2,"",NA,NA,"","","490050010022",FALSE
"R_2dnIV5LpKbNb7vA",1125,"","","","Single-family house, detached from any other house","Single-family","","Owned or mortgaged","3 to 5 years","0 to 5 years","$50,000 to $74,999","$50,000 to $74,999","$35,000 to $74,999","0 (none)",0,2,"2",2,"Yes",2,"",NA,NA,"","","490050005014",FALSE
"R_8CdCw9JJseYvizn",1126,"","","","Single-family house, attached to other houses (row house)","Single-family","","Owned or mortgaged","1 to 2 years","0 to 5 years","$25,000 to $34,999","$25,000 to $49,999","Less than $35,000","0 (none)",0,1,"0",0,"Yes",1,"",NA,NA,"","","490050012022",FALSE
"R_3EzDuPO0Uuv7zMM",1127,"","","","Single-family house, detached from any other house","Single-family","","Owned or mortgaged","6 to 10 years","6 or more years","$75,000 to $99,999","$75,000 to $99,999","$75,000 or more","1",1,2,"3",3,"Yes",3,"",NA,NA,"","","490050014021",FALSE
"R_2EtoUQ808gVF2MG",1128,"","","","Single-family house, detached from any other house","Single-family","","Owned or mortgaged","1 to 2 years","0 to 5 years","$35,000 to $49,999","$25,000 to $49,999","$35,000 to $74,999","2",2,1,"1",1,"Yes",2,"",NA,NA,"","","490050001021",FALSE
"R_1K0UWxmICCDtuTF",1129,"","","","Single-family house, detached from any other house","Single-family","","Owned or mortgaged","3 to 5 years","0 to 5 years","$100,000 to $149,999","$100,000 or more","$75,000 or more","3",3,2,"6+",6,"Yes",2,"",NA,NA,"","","490050004012",FALSE
"R_2xLtbbtifUnYDSG",1130,"","","","Single-family house, detached from any other house","Single-family","","Owned or mortgaged","11 or more years","6 or more years","$35,000 to $49,999","$25,000 to $49,999","$35,000 to $74,999","0 (none)",0,2,"3",3,"Yes",3,"",NA,NA,"","","490050010011",FALSE
"R_cD7WY0OOFGH7lvj",1131,"","","","Single-family house, detached from any other house","Single-family","","Rented","3 to 5 years","0 to 5 years","$50,000 to $74,999","$50,000 to $74,999","$35,000 to $74,999","0 (none)",0,2,"2",2,"Yes",2,"",NA,NA,"","","490050005013",FALSE
"R_3g7wy7Ia3GFosQ4",1132,"","","","Single-family house, detached from any other house","Single-family","","Owned or mortgaged","6 to 10 years","6 or more years","$50,000 to $74,999","$50,000 to $74,999","$35,000 to $74,999","0 (none)",0,1,"0",0,"Yes",2,"",NA,NA,"","","490050004031",FALSE
"R_1MZ30rEtpJFAdyG",1133,"","","","Single-family house, detached from any other house","Single-family","","Owned or mortgaged","1 to 2 years","0 to 5 years","Prefer not to answer","Unknown","Unknown","0 (none)",0,2,"2",2,"Yes",2,"",NA,NA,"","","490050011012",FALSE
"R_3j2Rjq3epQyzqFS",1134,"","","","Single-family house, detached from any other house","Single-family","","Owned or mortgaged","11 or more years","6 or more years","$100,000 to $149,999","$100,000 or more","$75,000 or more","5+",5,2,"6+",6,"Yes",3,"",NA,NA,"","","490050004022",FALSE
"R_3PTeD3tYriQIqSt",1135,"","","","Single-family house, detached from any other house","Single-family","","Owned or mortgaged","11 or more years","6 or more years","$100,000 to $149,999","$100,000 or more","$75,000 or more","0 (none)",0,2,"2",2,"Yes",2,"",NA,NA,"","","490050012012",FALSE
"R_2CIh1ZoDp71DkH3",1136,"","","","Single-family house, detached from any other house","Single-family","","Owned or mortgaged","1 to 2 years","0 to 5 years","$75,000 to $99,999","$75,000 to $99,999","$75,000 or more","0 (none)",0,2,"1",1,"Yes",1,"",NA,NA,"","","490050012022",FALSE
"R_3PmIEGhfIRN76Rx",1137,"","","","Single-family house, detached from any other house","Single-family","","Owned or mortgaged","11 or more years","6 or more years","$50,000 to $74,999","$50,000 to $74,999","$35,000 to $74,999","0 (none)",0,2,"1",1,"Yes",1,"",NA,NA,"","","490050011012",FALSE
"R_22PT3EbB9QaWVd8",1138,"","","","Single-family house, detached from any other house","Single-family","","Owned or mortgaged","1 to 2 years","0 to 5 years","$75,000 to $99,999","$75,000 to $99,999","$75,000 or more","2",2,2,"2",2,"Yes",4,"",NA,NA,"","","490050005013",FALSE
"R_3hurD8dCKdk2xjK",1139,"","","","Single-family house, detached from any other house","Single-family","","Owned or mortgaged","Less than 1 year","0 to 5 years","$100,000 to $149,999","$100,000 or more","$75,000 or more","4",4,2,"0",0,"Yes",2,"",NA,NA,"","","490050012022",FALSE
"R_1pRM7Jos6qsUigt",1140,"","","","Single-family house, detached from any other house","Single-family","","Owned or mortgaged","11 or more years","6 or more years","$150,000 or more","$100,000 or more","$75,000 or more","0 (none)",0,2,"5",5,"Yes",3,"",NA,NA,"","","490050006005",FALSE
"R_dm5HTEUzA0JyJ5T",1141,"","","","Single-family house, detached from any other house","Single-family","","Owned or mortgaged","Less than 1 year","0 to 5 years","$50,000 to $74,999","$50,000 to $74,999","$35,000 to $74,999","2",2,2,"2",2,"Yes",2,"",NA,NA,"","","490050014021",FALSE
"R_3F54LM7OrF2lhbs",1142,"","","","Single-family house, detached from any other house","Single-family","","Owned or mortgaged","11 or more years","6 or more years","$25,000 to $34,999","$25,000 to $49,999","Less than $35,000","0 (none)",0,1,"0",0,"Yes",1,"",NA,NA,"","","490050009002",FALSE
"R_AO39MnOzROZMHZv",1143,"","","","Single-family house, detached from any other house","Single-family","",NA,"11 or more years","6 or more years","$50,000 to $74,999","$50,000 to $74,999","$35,000 to $74,999","0 (none)",0,2,"1",1,"Yes",2,"",NA,NA,"","","490050004012",FALSE
"R_1CauXdoNs9zF6Nd",1144,"","","","Single-family house, detached from any other house","Single-family","","Rented","1 to 2 years","0 to 5 years","$25,000 to $34,999","$25,000 to $49,999","Less than $35,000","0 (none)",0,2,"2",2,"Yes",2,"",NA,NA,"","","490050004031",FALSE
"R_brpQ3RBwY6NbZLj",1145,"","","","Building with 3 or 4 apartments/condos","Multi-family","","Rented","Less than 1 year","0 to 5 years","$15,000 to $24,999","Less than $25,000","Less than $35,000","0 (none)",0,2,"0",0,"Yes",2,"",NA,NA,"","","490050010021",FALSE
"R_22nyBdBnfqxtToJ",1146,"","","","Single-family house, detached from any other house","Single-family","","Rented","1 to 2 years","0 to 5 years","$50,000 to $74,999","$50,000 to $74,999","$35,000 to $74,999","1",1,4,"0",0,"Yes",4,"",NA,NA,"","","490050006003",FALSE
"R_9AebgppeEIhQ5Tb",1147,"","","","Building with 3 or 4 apartments/condos","Multi-family","","Rented","Less than 1 year","0 to 5 years","$15,000 to $24,999","Less than $25,000","Less than $35,000","0 (none)",0,1,"0",0,"Yes",1,"",NA,NA,"","","490050008002",FALSE
"R_1LNB0l1MD1mZbMt",1148,"","","","Single-family house, detached from any other house","Single-family","","Rented","3 to 5 years","0 to 5 years","$50,000 to $74,999","$50,000 to $74,999","$35,000 to $74,999","0 (none)",0,3,"2",2,"Yes",2,"",NA,NA,"","","490050004012",FALSE
"R_8CzeTgSOwY4uLfP",1149,"","","","Building with 3 or 4 apartments/condos","Multi-family","","Rented","Less than 1 year","0 to 5 years","$15,000 to $24,999","Less than $25,000","Less than $35,000","1",1,2,"2",2,"Yes",2,"",NA,NA,"","","490050008002",FALSE
"R_bI6qvF6ksFbrfa1",1150,"","","","Single-family house, detached from any other house","Single-family","","Owned or mortgaged","Less than 1 year","0 to 5 years","Prefer not to answer","Unknown","Unknown","1",1,2,"2",2,"Yes",2,"",NA,NA,"","","490050010021",FALSE
"R_2uIFvCIboQ51z6s",1151,"","","","Single-family house, detached from any other house","Single-family","","Owned or mortgaged","6 to 10 years","6 or more years","$100,000 to $149,999","$100,000 or more","$75,000 or more","1",1,1,"0",0,"Yes",2,"",NA,NA,"","","490050001011",FALSE
"R_svxP0gZ5ZvNsFzP",1152,"","","","Single-family house, detached from any other house","Single-family","","Rented","Less than 1 year","0 to 5 years","$15,000 to $24,999","Less than $25,000","Less than $35,000","0 (none)",0,2,"0",0,"No",0,"",NA,NA,"","","490050009003",FALSE
"R_3HnWlOjDsvxHc8u",1153,"","","","Building with 3 or 4 apartments/condos","Multi-family","","Rented","1 to 2 years","0 to 5 years","$10,000 to $14,999","Less than $25,000","Less than $35,000","0 (none)",0,2,"0",0,"Yes",2,"",NA,NA,"","","490050005014",FALSE
"R_3etukgJFjfhgOiD",1154,"","","","Single-family house, detached from any other house","Single-family","","Owned or mortgaged","11 or more years","6 or more years","$75,000 to $99,999","$75,000 to $99,999","$75,000 or more","1",1,2,"4",4,"Yes",2,"",NA,NA,"","","490050012022",FALSE
"R_Qh7K8gKEMc38TFD",1155,"","","","Mobile home or trailer","Single-family","","Owned or mortgaged","Less than 1 year","0 to 5 years","$15,000 to $24,999","Less than $25,000","Less than $35,000","0 (none)",0,1,"0",0,"Yes",1,"",NA,NA,"","","490050005014",FALSE
"R_2q9pUbVluQo4qDu",1156,"","","","Single-family house, detached from any other house","Single-family","","Owned or mortgaged","1 to 2 years","0 to 5 years","$100,000 to $149,999","$100,000 or more","$75,000 or more","3",3,2,"6+",6,"Yes",2,"",NA,NA,"","","490050012022",TRUE
"R_30e4UGvPMa1bHOo",1157,"","","","Single-family house, detached from any other house","Single-family","","Owned or mortgaged","11 or more years","6 or more years","$10,000 to $14,999","Less than $25,000","Less than $35,000","0 (none)",0,1,"0",0,"Yes",2,"",NA,NA,"","","490050010022",FALSE
"R_3ezwGgExebj2pp1",1158,"","","","Building with 3 or 4 apartments/condos","Multi-family","","Rented","1 to 2 years","0 to 5 years","$15,000 to $24,999","Less than $25,000","Less than $35,000","0 (none)",0,1,"0",0,"Yes",1,"",NA,NA,"","","490050005013",FALSE
"R_puZlt17byrFW2sN",1159,"","","","Single-family house, detached from any other house","Single-family","","Owned or mortgaged","3 to 5 years","0 to 5 years","$75,000 to $99,999","$75,000 to $99,999","$75,000 or more","2",2,2,"2",2,"Yes",2,"",NA,NA,"","","490050004022",FALSE
"R_qxvF5XLwX9LzsHf",1160,"","","","Building with 5 to 9 apartments/condos","Multi-family","","Owned or mortgaged","1 to 2 years","0 to 5 years","$35,000 to $49,999","$25,000 to $49,999","$35,000 to $74,999","2",2,2,"2",2,"Yes",2,"",NA,NA,"","","490050012022",FALSE
"R_T8bFWdtlAZVWQox",1161,"","","","Single-family house, attached to other houses (row house)","Single-family","","Owned or mortgaged","Less than 1 year","0 to 5 years","$50,000 to $74,999","$50,000 to $74,999","$35,000 to $74,999","0 (none)",0,2,"0",0,"Yes",2,"",NA,NA,"","","490050012022",FALSE
"R_2bW3TajFKTAzmmS",1162,"","","","Single-family house, detached from any other house","Single-family","","Owned or mortgaged","11 or more years","6 or more years","$35,000 to $49,999","$25,000 to $49,999","$35,000 to $74,999","2",2,2,"5",5,"Yes",3,"",NA,NA,"","","490050009002",FALSE
"R_1qW0pHpFUBCU7ky",1163,"","","","Building with 3 or 4 apartments/condos","Multi-family","","Rented","Less than 1 year","0 to 5 years","$75,000 to $99,999","$75,000 to $99,999","$75,000 or more","0 (none)",0,1,"0",0,"Yes",1,"",NA,NA,"","","490050009002",FALSE
"R_1Eaoz2aI7hC9mNb",1164,"","","","Single-family house, detached from any other house","Single-family","","Rented","6 to 10 years","6 or more years","$50,000 to $74,999","$50,000 to $74,999","$35,000 to $74,999","2",2,2,"1",1,"Yes",2,"",NA,NA,"","","490050009002",FALSE
"R_1H2FPyITU4suTnz",1165,"","","","Building with 3 or 4 apartments/condos","Multi-family","","Rented","1 to 2 years","0 to 5 years","$15,000 to $24,999","Less than $25,000","Less than $35,000","3",3,2,"2",2,"Yes",2,"",NA,NA,"","","490050010011",FALSE
"R_1oe9kSOktTVqC5r",1166,"","","","Building with 2 apartments/condos (duplex)","Multi-family","","Owned or mortgaged","11 or more years","6 or more years","Prefer not to answer","Unknown","Unknown","0 (none)",0,2,"6+",6,"Yes",3,"",NA,NA,"","","490050010021",FALSE
"R_33DRD4uVGg7UIik",1167,"","","","Building with 3 or 4 apartments/condos","Multi-family","","Rented","Less than 1 year","0 to 5 years","Less than $10,000","Less than $25,000","Less than $35,000","2",2,1,"0",0,"Yes",1,"",NA,NA,"","","490050005013",FALSE
"R_6z2zld93zjVxYFr",1168,"","","","Building with 3 or 4 apartments/condos","Multi-family","","Rented","Less than 1 year","0 to 5 years","$25,000 to $34,999","$25,000 to $49,999","Less than $35,000","1",1,2,"0",0,"Yes",2,"",NA,NA,"","","490050005014",FALSE
"R_1ImDbOnjqcZDz9v",1169,"","","","Single-family house, detached from any other house","Single-family","","Owned or mortgaged","Less than 1 year","0 to 5 years","Prefer not to answer","Unknown","Unknown","0 (none)",0,2,"2",2,"Yes",2,"",NA,NA,"","","490050010011",FALSE
"R_2AYGazN9g5j4QX8",1170,"","","","Single-family house, detached from any other house","Single-family","","Owned or mortgaged","1 to 2 years","0 to 5 years","$50,000 to $74,999","$50,000 to $74,999","$35,000 to $74,999","0 (none)",0,2,"1",1,"Yes",2,"",NA,NA,"","","490050005013",FALSE
"R_QmFhomy4UaJfVyF",1171,"","","","Building with 3 or 4 apartments/condos","Multi-family","","Rented","Less than 1 year","0 to 5 years","$50,000 to $74,999","$50,000 to $74,999","$35,000 to $74,999","0 (none)",0,2,"0",0,"Yes",1,"",NA,NA,"","","490050010022",FALSE
"R_22Am6pCNswevs9J",1172,"","","","Building with 2 apartments/condos (duplex)","Multi-family","","Rented","1 to 2 years","0 to 5 years","$50,000 to $74,999","$50,000 to $74,999","$35,000 to $74,999","3",3,2,"4",4,"Yes",2,"",NA,NA,"","","490050010022",FALSE
"R_OJsAWAGG9ptra0x",1173,"","","","Single-family house, detached from any other house","Single-family","","Owned or mortgaged","11 or more years","6 or more years","$100,000 to $149,999","$100,000 or more","$75,000 or more","0 (none)",0,2,"4",4,"Yes",2,"",NA,NA,"","","490050004022",FALSE
"R_2788Xg4gtfcNQbF",1174,"","","","Single-family house, detached from any other house","Single-family","","Owned or mortgaged","6 to 10 years","6 or more years","$150,000 or more","$100,000 or more","$75,000 or more","0 (none)",0,3,"3",3,"Yes",4,"",NA,NA,"","","490050004031",FALSE
"R_yBWF7wx2oIUTfMZ",1175,"","","","Building with 3 or 4 apartments/condos","Multi-family","","Rented","Less than 1 year","0 to 5 years","$15,000 to $24,999","Less than $25,000","Less than $35,000","0 (none)",0,1,"0",0,"Yes",1,"",NA,NA,"","","490050008002",FALSE
"R_2rYJpIIgRmD6YXV",1176,"","","","Single-family house, detached from any other house","Single-family","","Owned or mortgaged","1 to 2 years","0 to 5 years","$10,000 to $14,999","Less than $25,000","Less than $35,000","2",2,2,"2",2,"Yes",1,"",NA,NA,"","","490050012022",FALSE
"R_3h6o3cn7kdu21Mo",1177,"","","","Building with 3 or 4 apartments/condos","Multi-family","","Rented","Less than 1 year","0 to 5 years","Less than $10,000","Less than $25,000","Less than $35,000","0 (none)",0,2,"0",0,"Yes",1,"",NA,NA,"","","490050004022",FALSE
"R_1gMznhLhuqpzMW5",1178,"","","","Single-family house, detached from any other house","Single-family","","Owned or mortgaged","11 or more years","6 or more years","$25,000 to $34,999","$25,000 to $49,999","Less than $35,000","0 (none)",0,1,"0",0,"Yes",1,"",NA,NA,"","","490050004012",FALSE
"R_29d0l238Dp5HIHS",1180,"","","","Building with 3 or 4 apartments/condos","Multi-family","","Rented","1 to 2 years","0 to 5 years","$35,000 to $49,999","$25,000 to $49,999","$35,000 to $74,999","1",1,2,"2",2,"Yes",2,"",NA,NA,"","","490050005014",FALSE
"R_1GNaQlDI5pgToHO",1181,"","","","Building with 2 apartments/condos (duplex)","Multi-family","","Owned or mortgaged","Less than 1 year","0 to 5 years","$50,000 to $74,999","$50,000 to $74,999","$35,000 to $74,999","1",1,2,"4",4,"Yes",2,"",NA,NA,"","","490050010011",FALSE
"R_2aW62Ruoog2PIfD",1182,"","","","Single-family house, detached from any other house","Single-family","","Owned or mortgaged","3 to 5 years","0 to 5 years","$50,000 to $74,999","$50,000 to $74,999","$35,000 to $74,999","2",2,2,"0",0,"Yes",2,"",NA,NA,"","","490050005013",FALSE
"R_2TvEmIWQbFPGR0V",1183,"","","","Building with 2 apartments/condos (duplex)","Multi-family","","Rented","Less than 1 year","0 to 5 years","Do not know","Unknown","Unknown","0 (none)",0,1,"0",0,"Yes",1,"",NA,NA,"","","490050005013",FALSE
"R_2WOpBOOEJIZJ1b2",1184,"","","","Building with 2 apartments/condos (duplex)","Multi-family","","Rented","Less than 1 year","0 to 5 years","$15,000 to $24,999","Less than $25,000","Less than $35,000","0 (none)",0,1,"0",0,"Yes",1,"",NA,NA,"","","490050005013",FALSE
"R_O21jHxqHO4mjZxD",1185,"","","","Building with 3 or 4 apartments/condos","Multi-family","","Rented","3 to 5 years","0 to 5 years","$35,000 to $49,999","$25,000 to $49,999","$35,000 to $74,999","2",2,2,"3",3,"Yes",1,"",NA,NA,"","","490050010021",FALSE
"R_12o35iZkW2Nfo0Q",1186,"","","","Single-family house, detached from any other house","Single-family","","Owned or mortgaged","6 to 10 years","6 or more years","$75,000 to $99,999","$75,000 to $99,999","$75,000 or more","3",3,2,"6+",6,"Yes",2,"",NA,NA,"","","490050012022",FALSE
"R_22YdPdP0k88kfJE",1187,"","","","Single-family house, detached from any other house","Single-family","","Owned or mortgaged","6 to 10 years","6 or more years","$50,000 to $74,999","$50,000 to $74,999","$35,000 to $74,999","4",4,2,"5",5,"Yes",1,"",NA,NA,"","","490050004012",FALSE
"R_YSMwrhnecNduGkx",1188,"","","","Single-family house, detached from any other house","Single-family","","Rented","3 to 5 years","0 to 5 years","$25,000 to $34,999","$25,000 to $49,999","Less than $35,000","0 (none)",0,2,"3",3,"Yes",1,"",NA,NA,"","","490050009003",FALSE
"R_1P8fHSmToPPKXxm",1189,"","","","Building with 5 to 9 apartments/condos","Multi-family","","Rented","Less than 1 year","0 to 5 years","$25,000 to $34,999","$25,000 to $49,999","Less than $35,000","2",2,1,"0",0,"No",0,"",NA,NA,"","","490050001011",FALSE
"R_2WASzInASrdZVRL",1190,"","","","Single-family house, detached from any other house","Single-family","","Owned or mortgaged","6 to 10 years","6 or more years","$100,000 to $149,999","$100,000 or more","$75,000 or more","3",3,2,"6+",6,"Yes",2,"",NA,NA,"","","490050004031",FALSE
"R_AGvER5NHOLU1ri1",1191,"","","","Single-family house, detached from any other house","Single-family","","Rented","1 to 2 years","0 to 5 years","$15,000 to $24,999","Less than $25,000","Less than $35,000","0 (none)",0,1,"0",0,"No",0,"",NA,NA,"","","490050008002",FALSE
"R_D16XNtVSVQuGDyV",1192,"","","","Building with 3 or 4 apartments/condos","Multi-family","","Rented","Less than 1 year","0 to 5 years","$15,000 to $24,999","Less than $25,000","Less than $35,000","0 (none)",0,2,"0",0,"Yes",1,"",NA,NA,"","","490050008002",FALSE
"R_3kNGIs6p73XOKuK",1193,"","","","Single-family house, detached from any other house","Single-family","","Owned or mortgaged","6 to 10 years","6 or more years","$50,000 to $74,999","$50,000 to $74,999","$35,000 to $74,999","0 (none)",0,1,"0",0,"Yes",1,"",NA,NA,"","","490050010021",FALSE
"R_vw4ZqnAeyfm9hL3",1195,"","","","Single-family house, detached from any other house","Single-family","","Owned or mortgaged","11 or more years","6 or more years","$35,000 to $49,999","$25,000 to $49,999","$35,000 to $74,999","0 (none)",0,2,"0",0,"Yes",1,"",NA,NA,"","","490050012011",FALSE
"R_1joIPfMKTSJtJ2z",1196,"","","","Single-family house, detached from any other house","Single-family","","Owned or mortgaged","3 to 5 years","0 to 5 years","$35,000 to $49,999","$25,000 to $49,999","$35,000 to $74,999","2",2,2,"3",3,"Yes",2,"",NA,NA,"","","490050012022",FALSE
"R_vGh1Cce2uEx67N7",1197,"","","","Mobile home or trailer","Single-family","","Rented","Less than 1 year","0 to 5 years","$15,000 to $24,999","Less than $25,000","Less than $35,000","2",2,2,"0",0,"Yes",1,"",NA,NA,"","","490050001011",FALSE
"R_2zd5zLrbXSOG7Nq",1198,"","","","Single-family house, detached from any other house","Single-family","","Owned or mortgaged","11 or more years","6 or more years","$75,000 to $99,999","$75,000 to $99,999","$75,000 or more","0 (none)",0,2,"2",2,"Yes",3,"",NA,NA,"","","490050001011",FALSE
"R_2TtaXBoqy1gAVut",1199,"","","","Single-family house, detached from any other house","Single-family","","Owned or mortgaged","11 or more years","6 or more years","$25,000 to $34,999","$25,000 to $49,999","Less than $35,000","3",3,3,"4",4,"Yes",1,"",NA,NA,"","","490050012022",FALSE
"R_27kBOZDKr3hm7E1",1200,"","","","Building with 5 to 9 apartments/condos","Multi-family","","Rented","1 to 2 years","0 to 5 years","Less than $10,000","Less than $25,000","Less than $35,000","0 (none)",0,1,"0",0,"Yes",1,"",NA,NA,"","","490050008002",FALSE
"R_1ob5VwUxjEsK3Ns",1201,"","","","Building with 2 apartments/condos (duplex)","Multi-family","","Rented","3 to 5 years","0 to 5 years","$35,000 to $49,999","$25,000 to $49,999","$35,000 to $74,999","0 (none)",0,1,"0",0,"Yes",1,"",NA,NA,"","","490050008002",FALSE
"R_2TWYWqicIfYsSov",1202,"","","","Building with 3 or 4 apartments/condos","Multi-family","","Rented","11 or more years","6 or more years","$75,000 to $99,999","$75,000 to $99,999","$75,000 or more","0 (none)",0,2,"1",1,"Yes",3,"",NA,NA,"","","490050010022",FALSE
"R_3JJB4oWiX1ZweCl",1203,"","","","Single-family house, detached from any other house","Single-family","","Owned or mortgaged","3 to 5 years","0 to 5 years","$35,000 to $49,999","$25,000 to $49,999","$35,000 to $74,999","0 (none)",0,2,"2",2,"Yes",1,"",NA,NA,"","","490050006003",FALSE
"R_1r31PYHvTelPerf",1204,"","","","Single-family house, detached from any other house","Single-family","","Owned or mortgaged","11 or more years","6 or more years","$50,000 to $74,999","$50,000 to $74,999","$35,000 to $74,999","0 (none)",0,2,"1",1,"Yes",2,"",NA,NA,"","","490050006003",FALSE
"R_3OlFuTsgMAXD7y4",1205,"","","","Single-family house, detached from any other house","Single-family","","Owned or mortgaged","11 or more years","6 or more years","$50,000 to $74,999","$50,000 to $74,999","$35,000 to $74,999","5+",5,2,"6+",6,"Yes",2,"",NA,NA,"","","490050010021",FALSE
"R_3DncbKfHSZ0pwbC",1206,"","","","Single-family house, detached from any other house","Single-family","","Owned or mortgaged","Less than 1 year","0 to 5 years","$35,000 to $49,999","$25,000 to $49,999","$35,000 to $74,999","0 (none)",0,2,"1",1,"Yes",1,"",NA,NA,"","","490050012022",FALSE
"R_2D8EytP1aj5znxy",1207,"","","","Single-family house, detached from any other house","Single-family","","Owned or mortgaged","3 to 5 years","0 to 5 years","$75,000 to $99,999","$75,000 to $99,999","$75,000 or more","0 (none)",0,2,"1",1,"Yes",2,"",NA,NA,"","","490050009002",FALSE
"R_1jcXYv7aenMOr4y",1208,"","","","Single-family house, detached from any other house","Single-family","","Owned or mortgaged","1 to 2 years","0 to 5 years","$75,000 to $99,999","$75,000 to $99,999","$75,000 or more","0 (none)",0,2,"2",2,"Yes",2,"",NA,NA,"","","490050004031",FALSE
"R_3hB0pt9jvQrY6Dp",1209,"","","","Single-family house, detached from any other house","Single-family","","Owned or mortgaged","1 to 2 years","0 to 5 years","$100,000 to $149,999","$100,000 or more","$75,000 or more","0 (none)",0,2,"2",2,"Yes",1,"",NA,NA,"","","490050010021",FALSE
"R_27VHpa9fc4213lO",1210,"","","","Single-family house, detached from any other house","Single-family","","Owned or mortgaged","11 or more years","6 or more years","$100,000 to $149,999","$100,000 or more","$75,000 or more","0 (none)",0,2,"1",1,"Yes",2,"",NA,NA,"","","490050004022",FALSE
"R_9ZiCUCGXNMt1whX",1211,"","","","Single-family house, detached from any other house","Single-family","","Owned or mortgaged","1 to 2 years","0 to 5 years","$50,000 to $74,999","$50,000 to $74,999","$35,000 to $74,999","1",1,2,"0",0,"Yes",2,"",NA,NA,"","","490050009002",FALSE
"R_1ovhC4A6Q6sgwUT",1212,"","","","Single-family house, detached from any other house","Single-family","","Owned or mortgaged","11 or more years","6 or more years","Prefer not to answer","Unknown","Unknown","0 (none)",0,2,"2",2,"Yes",2,"",NA,NA,"","","490050013002",FALSE
"R_SUIWi4lw0Pat6Rr",1213,"","","","Single-family house, detached from any other house","Single-family","","Owned or mortgaged","11 or more years","6 or more years","$100,000 to $149,999","$100,000 or more","$75,000 or more","0 (none)",0,2,"1",1,"Yes",2,"",NA,NA,"","","490050010021",FALSE
"R_zZ89e7jam6QjJOF",1214,"","","","Single-family house, detached from any other house","Single-family","","Owned or mortgaged","11 or more years","6 or more years","$75,000 to $99,999","$75,000 to $99,999","$75,000 or more","0 (none)",0,2,"2",2,"Yes",3,"",NA,NA,"","","490050010011",FALSE
"R_1IrTOJosvvZ6ZXy",1215,"","","","Single-family house, detached from any other house","Single-family","","Rented","1 to 2 years","0 to 5 years","$50,000 to $74,999","$50,000 to $74,999","$35,000 to $74,999","0 (none)",0,1,"0",0,"Yes",1,"",NA,NA,"","","490050004031",FALSE
"R_3VLxylQbmt2FNi9",1216,"","","","Building with 3 or 4 apartments/condos","Multi-family","","Rented","3 to 5 years","0 to 5 years","$35,000 to $49,999","$25,000 to $49,999","$35,000 to $74,999","1",1,2,"2",2,"Yes",2,"",NA,NA,"","","490050006003",FALSE
"R_bxxeWxIfJMq1kvT",1217,"","","","Single-family house, detached from any other house","Single-family","","Owned or mortgaged","1 to 2 years","0 to 5 years","$35,000 to $49,999","$25,000 to $49,999","$35,000 to $74,999","2",2,2,"0",0,"Yes",1,"",NA,NA,"","","490050005013",FALSE
"R_50iq9YhBzOuY39D",1218,"","","","Single-family house, detached from any other house","Single-family","","Owned or mortgaged","1 to 2 years","0 to 5 years","$50,000 to $74,999","$50,000 to $74,999","$35,000 to $74,999","0 (none)",0,2,"1",1,"Yes",4,"",NA,NA,"","","490050004012",FALSE
"R_1psuQbhTItTaZbp",1219,"","","","Single-family house, detached from any other house","Single-family","","Owned or mortgaged","6 to 10 years","6 or more years","$100,000 to $149,999","$100,000 or more","$75,000 or more","3",3,2,"6+",6,"Yes",2,"",NA,NA,"","","490050010011",FALSE
"R_REIYaSL4lN0ThE5",1220,"","","","Single-family house, detached from any other house","Single-family","","Owned or mortgaged","1 to 2 years","0 to 5 years","$50,000 to $74,999","$50,000 to $74,999","$35,000 to $74,999","0 (none)",0,2,"0",0,"Yes",1,"",NA,NA,"","","490050009002",FALSE
"R_XoCvsGXM54LegN3",1221,"","","","Building with 3 or 4 apartments/condos","Multi-family","","Rented","Less than 1 year","0 to 5 years","$10,000 to $14,999","Less than $25,000","Less than $35,000","0 (none)",0,2,"0",0,"Yes",1,"",NA,NA,"","","490050005013",FALSE
"R_12KYo5AAXGNxNsT",1222,"","","","Single-family house, detached from any other house","Single-family","","Owned or mortgaged","11 or more years","6 or more years","$35,000 to $49,999","$25,000 to $49,999","$35,000 to $74,999","0 (none)",0,1,"0",0,"Yes",1,"",NA,NA,"","","490050010022",FALSE
"R_OfGORTOAyakNWDf",1223,"","","","Single-family house, detached from any other house","Single-family","","Owned or mortgaged","Less than 1 year","0 to 5 years","$100,000 to $149,999","$100,000 or more","$75,000 or more","3",3,2,"3",3,"Yes",3,"",NA,NA,"","","490050004012",FALSE
"R_25FTBSpFAFxllOb",1224,"","","","Single-family house, detached from any other house","Single-family","","Owned or mortgaged","3 to 5 years","0 to 5 years","$50,000 to $74,999","$50,000 to $74,999","$35,000 to $74,999","1",1,2,"2",2,"Yes",2,"",NA,NA,"","","490050009003",FALSE
"R_1JCJoK1ucIXcjtW",1225,"","","","Building with 3 or 4 apartments/condos","Multi-family","","Rented","Less than 1 year","0 to 5 years","Less than $10,000","Less than $25,000","Less than $35,000","0 (none)",0,1,"0",0,"No",0,"",NA,NA,"","","490050008002",FALSE
"R_ROfLP9qsqgWCbOF",1226,"","","","Single-family house, detached from any other house","Single-family","","Owned or mortgaged","Less than 1 year","0 to 5 years","$75,000 to $99,999","$75,000 to $99,999","$75,000 or more","1",1,2,"1",1,"Yes",3,"",NA,NA,"","","490050012022",FALSE
"R_VItOAAxrpN8zeWl",1227,"","","","Single-family house, detached from any other house","Single-family","","Owned or mortgaged","3 to 5 years","0 to 5 years","Less than $10,000","Less than $25,000","Less than $35,000","0 (none)",0,2,"0",0,"Yes",1,"",NA,NA,"","","490050004031",FALSE
"R_1eVlzEryn4U1wnm",1228,"","","","Single-family house, detached from any other house","Single-family","","Owned or mortgaged","11 or more years","6 or more years","$25,000 to $34,999","$25,000 to $49,999","Less than $35,000","0 (none)",0,1,"1",1,"Yes",1,"",NA,NA,"","","490050008002",FALSE
"R_3qJswucEb0oMSyt",1229,"","","","Single-family house, detached from any other house","Single-family","","Owned or mortgaged","3 to 5 years","0 to 5 years","$50,000 to $74,999","$50,000 to $74,999","$35,000 to $74,999","4",4,2,"4",4,"Yes",2,"",NA,NA,"","","490050004031",FALSE
"R_aa7popnib6LEyFX",1230,"","","","Building with 3 or 4 apartments/condos","Multi-family","","Rented","1 to 2 years","0 to 5 years","$50,000 to $74,999","$50,000 to $74,999","$35,000 to $74,999","0 (none)",0,2,"0",0,"Yes",2,"",NA,NA,"","","490050008001",FALSE
"R_1fkJIj8iTuRttBm",1231,"","","","Building with 3 or 4 apartments/condos","Multi-family","","Rented","Less than 1 year","0 to 5 years","$15,000 to $24,999","Less than $25,000","Less than $35,000","0 (none)",0,1,"0",0,"Yes",1,"",NA,NA,"","","490050010022",FALSE
"R_1f70dCHrkgC4i29",1232,"","","","Building with 3 or 4 apartments/condos","Multi-family","","Rented","1 to 2 years","0 to 5 years","$15,000 to $24,999","Less than $25,000","Less than $35,000","1",1,2,"2",2,"Yes",1,"",NA,NA,"","","490050008002",FALSE
"R_3IXzXmpzYGEIgxW",1233,"","","","Single-family house, detached from any other house","Single-family","","Owned or mortgaged","Less than 1 year","0 to 5 years","$50,000 to $74,999","$50,000 to $74,999","$35,000 to $74,999","1",1,2,"1",1,"Yes",2,"",NA,NA,"","","490050012022",FALSE
"R_1Nk4VndYwAgo3Rl",1234,"","","","Single-family house, detached from any other house","Single-family","","Owned or mortgaged","11 or more years","6 or more years","$50,000 to $74,999","$50,000 to $74,999","$35,000 to $74,999","0 (none)",0,1,"0",0,"Yes",1,"",NA,NA,"","","490050004031",FALSE
"R_1PUJOxCVstHNgWo",1235,"","","",NA,NA,"",NA,NA,NA,NA,NA,NA,NA,NA,0,NA,NA,NA,0,"",NA,NA,"","","490050005012",TRUE
"R_3dM5kImKPAmDJWI",1236,"","","","Building with 3 or 4 apartments/condos","Multi-family","","Rented","Less than 1 year","0 to 5 years","$15,000 to $24,999","Less than $25,000","Less than $35,000","0 (none)",0,2,NA,NA,NA,0,"",NA,NA,"","","490050008002",FALSE
"R_3fO7qJvOFMSLv5n",1237,"","","",NA,NA,"",NA,NA,NA,NA,NA,NA,NA,NA,0,NA,NA,NA,0,"",NA,NA,"","","490050005012",TRUE
"R_3HzrV5Dk6VqUqPw",1238,"","","",NA,NA,"",NA,NA,NA,NA,NA,NA,NA,NA,0,NA,NA,NA,0,"",NA,NA,"","","490050005012",TRUE
"R_082rjFrdGGfdSGl",1239,"","","",NA,NA,"",NA,NA,NA,NA,NA,NA,NA,NA,1,NA,NA,NA,0,"",NA,NA,"","","490050005012",TRUE
"R_2xCQjWa2sUJRjp3",1240,"","","",NA,NA,"",NA,NA,NA,NA,NA,NA,NA,NA,0,NA,NA,NA,0,"",NA,NA,"","","490050005012",TRUE
"R_3HNwdyMXgEOJCVp",1241,"","","",NA,NA,"",NA,NA,NA,NA,NA,NA,NA,NA,0,NA,NA,NA,0,"",NA,NA,"","","490050005012",TRUE
"R_3J1TCLVbGflSFkE",1242,"","","","Single-family house, detached from any other house","Single-family","","Owned or mortgaged","11 or more years","6 or more years","$50,000 to $74,999","$50,000 to $74,999","$35,000 to $74,999","2",2,2,"6+",6,"Yes",3,"",NA,NA,"","","490050012022",FALSE
"R_2tmSnVPNGM4RZm0",1244,"","","","Single-family house, detached from any other house","Single-family","","Owned or mortgaged","11 or more years","6 or more years","$50,000 to $74,999","$50,000 to $74,999","$35,000 to $74,999","0 (none)",0,2,"1",1,"Yes",3,"",NA,NA,"","","490050012011",FALSE
"R_d1onDL3f0JQFuBr",1245,"","","","Single-family house, detached from any other house","Single-family","","Rented","1 to 2 years","0 to 5 years","$35,000 to $49,999","$25,000 to $49,999","$35,000 to $74,999","0 (none)",0,2,"6+",6,"Yes",2,"",NA,NA,"","","490050005013",FALSE
"R_ZftDspsmuKOUP1T",1246,"","","","Single-family house, detached from any other house","Single-family","","Owned or mortgaged","6 to 10 years","6 or more years","$50,000 to $74,999","$50,000 to $74,999","$35,000 to $74,999","1",1,2,"6+",6,"Yes",3,"",NA,NA,"","","490050004022",FALSE
"R_3PCa4YYkT3ei2pa",1247,"","","","Building with 2 apartments/condos (duplex)","Multi-family","","Rented","3 to 5 years","0 to 5 years","$35,000 to $49,999","$25,000 to $49,999","$35,000 to $74,999","0 (none)",0,2,"2",2,"Yes",1,"",NA,NA,"","","490050005013",FALSE
"R_3EmuwGXC23A3wQ1",1248,"","","","Single-family house, attached to other houses (row house)","Single-family","","Owned or mortgaged","6 to 10 years","6 or more years","$50,000 to $74,999","$50,000 to $74,999","$35,000 to $74,999","0 (none)",0,1,"0",0,"Yes",1,"",NA,NA,"","","490050010011",FALSE
"R_ALiLQDXreuRU0vf",1249,"","","","Single-family house, detached from any other house","Single-family","","Owned or mortgaged","1 to 2 years","0 to 5 years","$75,000 to $99,999","$75,000 to $99,999","$75,000 or more","3",3,2,"6+",6,"Yes",2,"",NA,NA,"","","490050004031",FALSE
"R_2QtFP2ZM7oVod77",1250,"","","","Single-family house, detached from any other house","Single-family","","Owned or mortgaged","11 or more years","6 or more years","$50,000 to $74,999","$50,000 to $74,999","$35,000 to $74,999","0 (none)",0,2,"4",4,"Yes",2,"",NA,NA,"","","490050004022",FALSE
"R_2CNXZkNtVHCyIRd",1251,"","","","Building with 3 or 4 apartments/condos","Multi-family","","Rented","Less than 1 year","0 to 5 years","$35,000 to $49,999","$25,000 to $49,999","$35,000 to $74,999","0 (none)",0,2,"0",0,"Yes",2,"",NA,NA,"","","490050012022",FALSE
"R_ST3i5bKhMqkZ7jj",1252,"","","","Building with 2 apartments/condos (duplex)","Multi-family","","Rented","Less than 1 year","0 to 5 years","$15,000 to $24,999","Less than $25,000","Less than $35,000","0 (none)",0,2,"2",2,"Yes",1,"",NA,NA,"","","490050008002",FALSE
"R_3FPWytLBsjkwD5y",1253,"","","","Single-family house, detached from any other house","Single-family","","Owned or mortgaged","Less than 1 year","0 to 5 years","$75,000 to $99,999","$75,000 to $99,999","$75,000 or more","2",2,2,"5",5,"Yes",1,"",NA,NA,"","","490050004012",FALSE
"R_1H7PORoGh1HNkkC",1254,"","","","Building with 5 to 9 apartments/condos","Multi-family","","Rented","Less than 1 year","0 to 5 years","$25,000 to $34,999","$25,000 to $49,999","Less than $35,000","0 (none)",0,2,"3",3,"Yes",1,"",NA,NA,"","","490050010021",FALSE
"R_1LNCsudF9qte5LT",1255,"","","","Single-family house, detached from any other house","Single-family","","Owned or mortgaged","3 to 5 years","0 to 5 years","$100,000 to $149,999","$100,000 or more","$75,000 or more","5+",5,2,"6+",6,"Yes",2,"",NA,NA,"","","490050004012",FALSE
"R_UlQ6gVp2WhfCQLf",1256,"","","","Building with 3 or 4 apartments/condos","Multi-family","","Rented","Less than 1 year","0 to 5 years","Do not know","Unknown","Unknown","0 (none)",0,1,"1",1,"Yes",1,"",NA,NA,"","","490050008002",FALSE
"R_3rG8gqtJXwzFvCF",1257,"","","","Single-family house, detached from any other house","Single-family","","Rented","Less than 1 year","0 to 5 years","$75,000 to $99,999","$75,000 to $99,999","$75,000 or more","0 (none)",0,1,"0",0,"Yes",1,"",NA,NA,"","","490050008004",FALSE
"R_1pA4d4mGEnhYeAk",1258,"","","","Single-family house, detached from any other house","Single-family","","Owned or mortgaged","6 to 10 years","6 or more years","$75,000 to $99,999","$75,000 to $99,999","$75,000 or more","0 (none)",0,1,"6+",6,"Yes",2,"",NA,NA,"","","490050012022",FALSE
"R_2c00jMh1WqDPPk7",1259,"","","","Single-family house, detached from any other house","Single-family","","Owned or mortgaged","11 or more years","6 or more years","$100,000 to $149,999","$100,000 or more","$75,000 or more","0 (none)",0,2,"1",1,"Yes",2,"",NA,NA,"","","490050006003",FALSE
"R_b9kV7GZ5Jz42ypX",1260,"","","","Single-family house, detached from any other house","Single-family","","Owned or mortgaged","11 or more years","6 or more years","$50,000 to $74,999","$50,000 to $74,999","$35,000 to $74,999","0 (none)",0,2,"5",5,"Yes",1,"",NA,NA,"","","490050005013",FALSE
"R_2wpINSErR2DEIhM",1261,"","","","Single-family house, detached from any other house","Single-family","","Owned or mortgaged","11 or more years","6 or more years","$100,000 to $149,999","$100,000 or more","$75,000 or more","0 (none)",0,3,"3",3,"Yes",4,"",NA,NA,"","","490050004012",FALSE
"R_3k63z1LHekzrPsh",1262,"","","","Single-family house, detached from any other house","Single-family","","Owned or mortgaged","6 to 10 years","6 or more years","$100,000 to $149,999","$100,000 or more","$75,000 or more","2",2,2,"2",2,"Yes",2,"",NA,NA,"","","490050011012",FALSE
"R_2SJECqvjbYjJqVy",1263,"","","","Single-family house, detached from any other house","Single-family","","Owned or mortgaged","11 or more years","6 or more years","$100,000 to $149,999","$100,000 or more","$75,000 or more","1",1,3,"2",2,"Yes",2,"",NA,NA,"","","490050004011",FALSE
"R_2B5qhCkIfshMoYf",1264,"","","","Single-family house, detached from any other house","Single-family","","Owned or mortgaged","1 to 2 years","0 to 5 years","$50,000 to $74,999","$50,000 to $74,999","$35,000 to $74,999","0 (none)",0,2,"2",2,"Yes",2,"",NA,NA,"","","490050001011",FALSE
"R_3G0W88DXQj0kGw9",1265,"","","","Single-family house, detached from any other house","Single-family","","Owned or mortgaged","11 or more years","6 or more years","$50,000 to $74,999","$50,000 to $74,999","$35,000 to $74,999","0 (none)",0,2,"0",0,"Yes",3,"",NA,NA,"","","490050004031",FALSE
"R_XKUamlRgacrr9L3",1266,"","","","Single-family house, detached from any other house","Single-family","","Owned or mortgaged","11 or more years","6 or more years","$50,000 to $74,999","$50,000 to $74,999","$35,000 to $74,999","3",3,2,"1",1,"Yes",3,"",NA,NA,"","","490050010011",FALSE
"R_3g17Yg1V3W4QzAS",1267,"","","",NA,NA,"",NA,NA,NA,NA,NA,NA,NA,NA,0,NA,NA,NA,0,"",NA,NA,"","","490050005012",TRUE
"R_24ICnplyUcEnokm",1268,"","","","Single-family house, detached from any other house","Single-family","","Owned or mortgaged","6 to 10 years","6 or more years","$100,000 to $149,999","$100,000 or more","$75,000 or more","2",2,2,"4",4,"Yes",3,"",NA,NA,"","","490050012022",FALSE
"R_24dyJkz5cz01uA3",1269,"","","","Single-family house, detached from any other house","Single-family","","Owned or mortgaged","6 to 10 years","6 or more years","$50,000 to $74,999","$50,000 to $74,999","$35,000 to $74,999","3",3,2,"3",3,"Yes",2,"",NA,NA,"","","490050004031",FALSE
"R_2YM6t776bJ4OK9h",1270,"","","","Mobile home or trailer","Single-family","","Owned or mortgaged","3 to 5 years","0 to 5 years","$100,000 to $149,999","$100,000 or more","$75,000 or more","0 (none)",0,2,"2",2,"Yes",2,"",NA,NA,"","","490050005014",FALSE
"R_3M42f4Dmd7zEnaz",1271,"","","",NA,NA,"",NA,NA,NA,NA,NA,NA,NA,NA,0,NA,NA,NA,0,"",NA,NA,"","","490050005012",TRUE
"R_2YzBYQODL2AuJad",1272,"","","",NA,NA,"",NA,NA,NA,NA,NA,NA,NA,NA,0,NA,NA,NA,0,"",NA,NA,"","","490050005012",TRUE
