"ResponseId","HHCODE","VEHCODE","TYPE","TYPE2","TYPE_TEXT","PRIMARY","YEAR","AGE","MAKE","MODEL","MORE"
"R_yL7CCCTC78nTqiB",1001,1,"Car/Van/Truck/SUV","Car/Van/Truck/SUV","","Primary household vehicle",2017,2,"Honda","CR-V","No"
"R_31azKpDQ6qViwuL",1002,1,"Car/Van/Truck/SUV","Car/Van/Truck/SUV","","Primary household vehicle",2015,4,"Subaru","Outback","No"
"R_a8HK19X41XQe8eJ",1003,1,"Car/Van/Truck/SUV","Car/Van/Truck/SUV","","Primary household vehicle",2008,11,"Hyundai","Sonata","Yes"
"R_a8HK19X41XQe8eJ",1003,2,"Car/Van/Truck/SUV","Car/Van/Truck/SUV","","Secondary household vehicle",2017,2,"Hyundai","Santa Fe","No"
"R_DOEFGvXI2Xqxo1b",1004,1,"Car/Van/Truck/SUV","Car/Van/Truck/SUV","","Primary household vehicle",2010,9,"Toyota","Yaris","Yes"
"R_DOEFGvXI2Xqxo1b",1004,2,"Car/Van/Truck/SUV","Car/Van/Truck/SUV","","Secondary household vehicle",2005,14,"Ford","Focus","No"
"R_3hGZSFkL0C3QCio",1005,1,"Car/Van/Truck/SUV","Car/Van/Truck/SUV","","Primary household vehicle",2000,19,"Buick","Lesabre","Yes"
"R_3hGZSFkL0C3QCio",1005,2,"Car/Van/Truck/SUV","Car/Van/Truck/SUV","","Secondary household vehicle",2005,14,"Toyota","Corolla","No"
"R_2xQ2rUtv5W6xYHp",1006,1,"Car/Van/Truck/SUV","Car/Van/Truck/SUV","","Secondary household vehicle",2013,6,"Jeep","Wrangler","Yes"
"R_2xQ2rUtv5W6xYHp",1006,2,"Car/Van/Truck/SUV","Car/Van/Truck/SUV","","Primary household vehicle",2002,17,"Toyota","Corolla","No"
"R_1MTdDARmpVYh870",1008,1,"Car/Van/Truck/SUV","Car/Van/Truck/SUV","","Primary household vehicle",2002,17,"Chevrolet","Avalanche","No"
"R_2SCTUZmfRxhkn0O",1009,1,"Car/Van/Truck/SUV","Car/Van/Truck/SUV","","Primary household vehicle",2008,11,"Subaru","Legacy","Yes"
"R_2SCTUZmfRxhkn0O",1009,2,"Car/Van/Truck/SUV","Car/Van/Truck/SUV","","Secondary household vehicle",2006,13,"Toyota","Corolla","No"
"R_1Rnexe9wLVdtEtP",1010,1,"Car/Van/Truck/SUV","Car/Van/Truck/SUV","","Primary household vehicle",2017,2,"Audi","Q3","No"
"R_1mk0LyTdYL35MJm",1011,1,"Car/Van/Truck/SUV","Car/Van/Truck/SUV","","Primary household vehicle",2002,17,"Lexus","ES300","No"
"R_1LwJTAau9xPVmkf",1013,1,"Car/Van/Truck/SUV","Car/Van/Truck/SUV","","Primary household vehicle",2007,12,"Jeep","Liberty","No"
"R_24pElhELjTDGjW0",1014,1,"Car/Van/Truck/SUV","Car/Van/Truck/SUV","","Primary household vehicle",2014,5,"Honda","CR-V","No"
"R_6uvUyCxqbAROqgp",1015,1,"Car/Van/Truck/SUV","Car/Van/Truck/SUV","","Primary household vehicle",2004,15,"Subaru","Outback","Yes"
"R_6uvUyCxqbAROqgp",1015,2,"Car/Van/Truck/SUV","Car/Van/Truck/SUV","","Secondary household vehicle",2015,4,"Honda","Civic","No"
"R_31hdqNJ2qTVIYHh",1016,1,"Car/Van/Truck/SUV","Car/Van/Truck/SUV","","Primary household vehicle",2006,13,"Chevrolet","Equinox","No"
"R_2ZCaENeMMgMF2Lx",1017,1,"Car/Van/Truck/SUV","Car/Van/Truck/SUV","","Primary household vehicle",2010,9,"Toyota","Camry","Yes"
"R_2ZCaENeMMgMF2Lx",1017,2,"Car/Van/Truck/SUV","Car/Van/Truck/SUV","","Primary household vehicle",1998,21,"Pontiac","Trans Sport","No"
"R_3j2rTkIYavnbzSk",1018,1,"Car/Van/Truck/SUV","Car/Van/Truck/SUV","","Primary household vehicle",2015,4,"Subaru","Outback","Yes"
"R_3j2rTkIYavnbzSk",1018,2,"Car/Van/Truck/SUV","Car/Van/Truck/SUV","","Secondary household vehicle",2012,7,"Toyota","Camry","No"
"R_QmlanPzFRliD3dD",1019,1,"Car/Van/Truck/SUV","Car/Van/Truck/SUV","","Primary household vehicle",2015,4,"Toyota","Sienna","Yes"
"R_QmlanPzFRliD3dD",1019,2,"Car/Van/Truck/SUV","Car/Van/Truck/SUV","","Secondary household vehicle",2002,17,"Chevrolet","Silverado","No"
"R_21vnZWvCXZQCsJN",1020,1,"Car/Van/Truck/SUV","Car/Van/Truck/SUV","","Primary household vehicle",2018,1,"Dodge","Caravan","Yes"
"R_21vnZWvCXZQCsJN",1020,2,"Car/Van/Truck/SUV","Car/Van/Truck/SUV","","Secondary household vehicle",2011,8,"Jeep","Wrangler","No"
"R_2D2ou3fThOhNvzA",1021,1,"Car/Van/Truck/SUV","Car/Van/Truck/SUV","","Primary household vehicle",2018,1,"Toyota","RAV4 - Hybrid","Yes"
"R_2D2ou3fThOhNvzA",1021,2,"Car/Van/Truck/SUV","Car/Van/Truck/SUV","","Secondary household vehicle",2003,16,"Toyota","Tundra","No"
"R_2P7NkHXwYoJ1bRu",1022,1,"Car/Van/Truck/SUV","Car/Van/Truck/SUV","","Primary household vehicle",2002,17,"Nissan","Xterra","Yes"
"R_2P7NkHXwYoJ1bRu",1022,2,"Car/Van/Truck/SUV","Car/Van/Truck/SUV","","Secondary household vehicle",1997,22,"Chevrolet","Silverado","No"
"R_3k5rXDGhMwwude2",1023,1,"Car/Van/Truck/SUV","Car/Van/Truck/SUV","","Primary household vehicle",2018,1,"Ford","Escape","No"
"R_31WOxK98HTSrbUn",1024,1,"Car/Van/Truck/SUV","Car/Van/Truck/SUV","","Primary household vehicle",2003,16,"Chrysler","300M","Yes"
"R_31WOxK98HTSrbUn",1024,2,"Car/Van/Truck/SUV","Car/Van/Truck/SUV","","Secondary household vehicle",1998,21,"Chevrolet","Tahoe","No"
"R_0jKkcmvzxEbpnup",1025,1,"Car/Van/Truck/SUV","Car/Van/Truck/SUV","","Primary household vehicle",2007,12,"Toyota","4Runner","No"
"R_xfl3tEdAoXHQDxn",1026,1,"Car/Van/Truck/SUV","Car/Van/Truck/SUV","","Secondary household vehicle",2003,16,"Buick","Lesabre","Yes"
"R_xfl3tEdAoXHQDxn",1026,2,"Car/Van/Truck/SUV","Car/Van/Truck/SUV","","Primary household vehicle",2005,14,"Jeep","Grand Cherokee","Yes"
"R_xfl3tEdAoXHQDxn",1026,3,"Car/Van/Truck/SUV","Car/Van/Truck/SUV","","Secondary household vehicle",1990,29,"Chevrolet","Suburban","Yes"
"R_xfl3tEdAoXHQDxn",1026,4,"Car/Van/Truck/SUV","Car/Van/Truck/SUV","","Secondary household vehicle",2005,14,"Toyota","4Runner","No"
"R_1hxTg43lUEL1ZMu",1027,1,"Car/Van/Truck/SUV","Car/Van/Truck/SUV","","Primary household vehicle",2008,11,"Honda","Odyssey","Yes"
"R_1hxTg43lUEL1ZMu",1027,2,"Car/Van/Truck/SUV","Car/Van/Truck/SUV","","Secondary household vehicle",2004,15,"Toyota","Camry SE","No"
"R_1dpjn0VNFG0cMvH",1028,1,"Car/Van/Truck/SUV","Car/Van/Truck/SUV","","Primary household vehicle",2005,14,"Subaru","Forester","No"
"R_vTaR74IEUZuWnaF",1029,1,"Car/Van/Truck/SUV","Car/Van/Truck/SUV","","Primary household vehicle",2016,3,"Chevrolet","Traverse","Yes"
"R_vTaR74IEUZuWnaF",1029,2,"Car/Van/Truck/SUV","Car/Van/Truck/SUV","","Secondary household vehicle",2015,4,"Subaru","Legacy","No"
"R_3nOebaZ3nxd7eID",1030,1,"Car/Van/Truck/SUV","Car/Van/Truck/SUV","","Primary household vehicle",2008,11,"Chrysler","Town and Country","Yes"
"R_3nOebaZ3nxd7eID",1030,2,"Car/Van/Truck/SUV","Car/Van/Truck/SUV","","Secondary household vehicle",2013,6,"Nissan","Sentra","Yes"
"R_3nOebaZ3nxd7eID",1030,3,"Car/Van/Truck/SUV","Car/Van/Truck/SUV","","Secondary household vehicle",2008,11,"Ford","Focus","No"
"R_1d1hdDkVjeNsHBX",1031,1,"Car/Van/Truck/SUV","Car/Van/Truck/SUV","","Primary household vehicle",2017,2,"Ford","F-150","No"
"R_1l47FeXb4CWDwny",1032,1,"Car/Van/Truck/SUV","Car/Van/Truck/SUV","","Primary household vehicle",2007,12,"Jeep","Compass","Yes"
"R_1l47FeXb4CWDwny",1032,2,"Car/Van/Truck/SUV","Car/Van/Truck/SUV","","Primary household vehicle",2008,11,"Suzuki","SX4","Yes"
"R_1l47FeXb4CWDwny",1032,3,"Car/Van/Truck/SUV","Car/Van/Truck/SUV","","Secondary household vehicle",2002,17,"Hyundai","Santa Fe","Yes"
"R_1l47FeXb4CWDwny",1032,4,"Car/Van/Truck/SUV","Car/Van/Truck/SUV","","Secondary household vehicle",1992,27,"Ford","Ranger","No"
"R_aWPgbiiILoDPIl3",1033,1,"Car/Van/Truck/SUV","Car/Van/Truck/SUV","","Primary household vehicle",2014,5,"Honda","Civic","Yes"
"R_aWPgbiiILoDPIl3",1033,2,"Car/Van/Truck/SUV","Car/Van/Truck/SUV","","Secondary household vehicle",2013,6,"Ford","F-150","No"
"R_3mkIu2CE3xmH0ol",1034,1,"Car/Van/Truck/SUV","Car/Van/Truck/SUV","","Primary household vehicle",2001,18,"Subaru","Outback","Yes"
"R_3mkIu2CE3xmH0ol",1034,2,"Car/Van/Truck/SUV","Car/Van/Truck/SUV","","Primary household vehicle",2010,9,"Nissan","Altima","No"
"R_bI3NRdfK8fBmjCx",1035,1,"Car/Van/Truck/SUV","Car/Van/Truck/SUV","","Primary household vehicle",NA,NA,"","","No"
"R_1GuVjXx3TNsRxAO",1036,1,"Car/Van/Truck/SUV","Car/Van/Truck/SUV","","Primary household vehicle",2011,8,"Ford","Focus","Yes"
"R_1GuVjXx3TNsRxAO",1036,2,"Car/Van/Truck/SUV","Car/Van/Truck/SUV","","Primary household vehicle",2013,6,"Volkswagen","Passat","No"
"R_3LdmM6XPfkNyBgw",1037,1,"Car/Van/Truck/SUV","Car/Van/Truck/SUV","","Primary household vehicle",2008,11,"Toyota","Pickup","Yes"
"R_3LdmM6XPfkNyBgw",1037,2,"Car/Van/Truck/SUV","Car/Van/Truck/SUV","","Primary household vehicle",2016,3,"Nissan","Rogue","No"
"R_1n9hutW6fV9hE5V",1038,1,"Car/Van/Truck/SUV","Car/Van/Truck/SUV","","Primary household vehicle",2006,13,"Saturn","Vue","No"
"R_2PuHpInToxvAW4z",1039,1,"Car/Van/Truck/SUV","Car/Van/Truck/SUV","","Primary household vehicle",2002,17,"Honda","Odyssey","Yes"
"R_2PuHpInToxvAW4z",1039,2,"Car/Van/Truck/SUV","Car/Van/Truck/SUV","","Secondary household vehicle",2008,11,"Honda","Pilot","Yes"
"R_2PuHpInToxvAW4z",1039,3,"Car/Van/Truck/SUV","Car/Van/Truck/SUV","","Secondary household vehicle",1991,28,"Jeep","Cherokee","No"
"R_dbvaw028su7ELWF",1040,1,"Car/Van/Truck/SUV","Car/Van/Truck/SUV","","Primary household vehicle",2016,3,"Hyundai","Tucson","Yes"
"R_dbvaw028su7ELWF",1040,2,"Car/Van/Truck/SUV","Car/Van/Truck/SUV","","Secondary household vehicle",2004,15,"Mitsubishi","Galant","No"
"R_1C13EbVL3qAjLiN",1041,1,"Car/Van/Truck/SUV","Car/Van/Truck/SUV","","Primary household vehicle",2016,3,"Chrysler","Town and Country","Yes"
"R_1C13EbVL3qAjLiN",1041,2,"Car/Van/Truck/SUV","Car/Van/Truck/SUV","","Secondary household vehicle",2005,14,"Honda","Pilot","No"
"R_oXpdHONH3P37o4N",1042,1,"Car/Van/Truck/SUV","Car/Van/Truck/SUV","","Primary household vehicle",2004,15,"Honda","Pilot","Yes"
"R_oXpdHONH3P37o4N",1042,2,"Car/Van/Truck/SUV","Car/Van/Truck/SUV","","Secondary household vehicle",2005,14,"Hyundai","Sonata","Yes"
"R_oXpdHONH3P37o4N",1042,3,"Car/Van/Truck/SUV","Car/Van/Truck/SUV","","Secondary household vehicle",2009,10,"Hyundai","Sonata","Yes"
"R_oXpdHONH3P37o4N",1042,4,"Car/Van/Truck/SUV","Car/Van/Truck/SUV","","Primary household vehicle",2012,7,"Hyundai","Elantra","No"
"R_22EpRhxOV6blEWn",1043,1,"Car/Van/Truck/SUV","Car/Van/Truck/SUV","","Primary household vehicle",2013,6,"Nissan","Pathfinder","Yes"
"R_22EpRhxOV6blEWn",1043,2,"Car/Van/Truck/SUV","Car/Van/Truck/SUV","","Primary household vehicle",2015,4,"GMC","Terrian","Yes"
"R_22EpRhxOV6blEWn",1043,3,"Car/Van/Truck/SUV","Car/Van/Truck/SUV","","Secondary household vehicle",2009,10,"Nissan","Altima","No"
"R_2WDd1X1ZNVoCi8r",1044,1,"Car/Van/Truck/SUV","Car/Van/Truck/SUV","","Primary household vehicle",2016,3,"Nissan","Rogue","No"
"R_C9PNqRBZPreskpz",1045,1,"Car/Van/Truck/SUV","Car/Van/Truck/SUV","","Primary household vehicle",2009,10,"Chevrolet","Aveo","Yes"
"R_C9PNqRBZPreskpz",1045,2,"Car/Van/Truck/SUV","Car/Van/Truck/SUV","","Secondary household vehicle",2008,11,"Chevrolet","Uplander","No"
"R_9TeZj7l40yErW8x",1046,1,"Car/Van/Truck/SUV","Car/Van/Truck/SUV","","Secondary household vehicle",2005,14,"Nissan","Altima","Yes"
"R_9TeZj7l40yErW8x",1046,2,"Car/Van/Truck/SUV","Car/Van/Truck/SUV","","Primary household vehicle",2013,6,"Scion","iQ","No"
"R_1IHuXoAFsbwblZf",1047,1,"Car/Van/Truck/SUV","Car/Van/Truck/SUV","","Primary household vehicle",2006,13,"Honda","Civic","Yes"
"R_1IHuXoAFsbwblZf",1047,2,"Car/Van/Truck/SUV","Car/Van/Truck/SUV","","Secondary household vehicle",2012,7,"Honda","Fit","Yes"
"R_1IHuXoAFsbwblZf",1047,3,"Car/Van/Truck/SUV","Car/Van/Truck/SUV","","Secondary household vehicle",2001,18,"Honda","CR-V","No"
"R_2qqqE6DTjudAISu",1048,1,"Car/Van/Truck/SUV","Car/Van/Truck/SUV","","Primary household vehicle",2013,6,"Nissan","Rogue","Yes"
"R_2qqqE6DTjudAISu",1048,2,"Car/Van/Truck/SUV","Car/Van/Truck/SUV","","Primary household vehicle",2017,2,"Nissan","Rogue","Yes"
"R_2qqqE6DTjudAISu",1048,3,"Car/Van/Truck/SUV","Car/Van/Truck/SUV","","Secondary household vehicle",2006,13,"Chevrolet","Silverado","No"
"R_2cpv28Yo9h8NenM",1049,1,"Car/Van/Truck/SUV","Car/Van/Truck/SUV","","Primary household vehicle",2017,2,"Hyundai","Elantra","Yes"
"R_2cpv28Yo9h8NenM",1049,2,"Car/Van/Truck/SUV","Car/Van/Truck/SUV","","Primary household vehicle",2015,4,"Ford","F-150","Yes"
"R_2cpv28Yo9h8NenM",1049,3,"Car/Van/Truck/SUV","Car/Van/Truck/SUV","","Secondary household vehicle",2010,9,"Jeep","Wrangler","No"
"R_PBQSkn3yFLyraLL",1050,1,"Car/Van/Truck/SUV","Car/Van/Truck/SUV","","Primary household vehicle",2012,7,"Chevrolet","Volt","Yes"
"R_PBQSkn3yFLyraLL",1050,2,"Car/Van/Truck/SUV","Car/Van/Truck/SUV","","Secondary household vehicle",2001,18,"Chevrolet","Tahoe","No"
"R_3etcpDpTn6FooDx",1051,1,"Car/Van/Truck/SUV","Car/Van/Truck/SUV","","Primary household vehicle",2011,8,"Honda","Odyssey","Yes"
"R_3etcpDpTn6FooDx",1051,2,"Car/Van/Truck/SUV","Car/Van/Truck/SUV","","Secondary household vehicle",2008,11,"Chevrolet","Silverado","No"
"R_1lyjJkT2jpv8DrU",1052,1,"Car/Van/Truck/SUV","Car/Van/Truck/SUV","","Primary household vehicle",2009,10,"Chevrolet","Tahoe","Yes"
"R_1lyjJkT2jpv8DrU",1052,2,"Motorcycle/Scooter/Moped","Motorcycle/Scooter/Moped","","Secondary household vehicle",NA,NA,"","Electric Scooter","No"
"R_6MejJARqvqszdct",1053,1,"Car/Van/Truck/SUV","Car/Van/Truck/SUV","","Primary household vehicle",2012,7,"Mazda","3","Yes"
"R_6MejJARqvqszdct",1053,2,"Car/Van/Truck/SUV","Car/Van/Truck/SUV","","Secondary household vehicle",2013,6,"Ford","F-150","No"
"R_3huqg5SuM4ZRwZY",1054,1,"Car/Van/Truck/SUV","Car/Van/Truck/SUV","","Secondary household vehicle",1996,23,"Toyota","RAV4","Yes"
"R_3huqg5SuM4ZRwZY",1054,2,"Car/Van/Truck/SUV","Car/Van/Truck/SUV","","Primary household vehicle",2010,9,"Nissan","Sentra","No"
"R_1jHsst9CXgJIxLk",1055,1,"Car/Van/Truck/SUV","Car/Van/Truck/SUV","","Primary household vehicle",2016,3,"Toyota","RAV4","Yes"
"R_1jHsst9CXgJIxLk",1055,2,"Car/Van/Truck/SUV","Car/Van/Truck/SUV","","Secondary household vehicle",2015,4,"Ford","Expedition","No"
"R_sb28uERNwLdkFEZ",1056,1,"Car/Van/Truck/SUV","Car/Van/Truck/SUV","","Primary household vehicle",2010,9,"Nissan","Sentra","Yes"
"R_sb28uERNwLdkFEZ",1056,2,"Car/Van/Truck/SUV","Car/Van/Truck/SUV","","Secondary household vehicle",2004,15,"Chevrolet","Colorado","No"
"R_2hm0nQ4FCeIgL4J",1057,1,"Car/Van/Truck/SUV","Car/Van/Truck/SUV","","Secondary household vehicle",2016,3,"Hyundai","Sonata","Yes"
"R_2hm0nQ4FCeIgL4J",1057,2,"Car/Van/Truck/SUV","Car/Van/Truck/SUV","","Primary household vehicle",2008,11,"Dodge","Charger","Yes"
"R_2hm0nQ4FCeIgL4J",1057,3,"Car/Van/Truck/SUV","Car/Van/Truck/SUV","","Secondary household vehicle",1998,21,"Dodge","Durango","No"
"R_rovMKTOWpQHpPsB",1058,1,"Car/Van/Truck/SUV","Car/Van/Truck/SUV","","Primary household vehicle",2019,0,"Land Rover","Discovery","Yes"
"R_rovMKTOWpQHpPsB",1058,2,"Car/Van/Truck/SUV","Car/Van/Truck/SUV","","Secondary household vehicle",2014,5,"Nissan","Frontier","No"
"R_2cAeL9jaZBr1WUw",1059,1,"Car/Van/Truck/SUV","Car/Van/Truck/SUV","","Primary household vehicle",2007,12,"Ford","Focus","No"
"R_ehsHgHqCUKuJ3HP",1060,1,"Car/Van/Truck/SUV","Car/Van/Truck/SUV","","Primary household vehicle",2011,8,"Subaru","Legacy","No"
"R_2Cgs8tVN0eE8uVm",1061,1,"Car/Van/Truck/SUV","Car/Van/Truck/SUV","","Primary household vehicle",2015,4,"Nissan","Pathfinder","Yes"
"R_2Cgs8tVN0eE8uVm",1061,2,"Car/Van/Truck/SUV","Car/Van/Truck/SUV","","Secondary household vehicle",2006,13,"Dodge","Dakota","No"
"R_vYv1P7Qe0R9HXEJ",1062,1,"Car/Van/Truck/SUV","Car/Van/Truck/SUV","","Primary household vehicle",2005,14,"Ford","Explorer","No"
"R_1pL3ijj7rX4IVKN",1063,1,"Car/Van/Truck/SUV","Car/Van/Truck/SUV","","Primary household vehicle",2005,14,"Chrysler","Town and Country","Yes"
"R_1pL3ijj7rX4IVKN",1063,2,"Car/Van/Truck/SUV","Car/Van/Truck/SUV","","Secondary household vehicle",2004,15,"Chrysler","Concorde","No"
"R_1ovbQnX1OdobXf4",1064,1,"Car/Van/Truck/SUV","Car/Van/Truck/SUV","","Primary household vehicle",2009,10,"Toyota","Tacoma","Yes"
"R_1ovbQnX1OdobXf4",1064,2,"Car/Van/Truck/SUV","Car/Van/Truck/SUV","","Primary household vehicle",2010,9,"Mazda","3","No"
"R_1lgg0DSHsHw4piN",1065,1,"Car/Van/Truck/SUV","Car/Van/Truck/SUV","","Primary household vehicle",2017,2,"Ford","Explorer","Yes"
"R_1lgg0DSHsHw4piN",1065,2,"Car/Van/Truck/SUV","Car/Van/Truck/SUV","","Primary household vehicle",2017,2,"Ford","F-150","No"
"R_2rl8XalDvPrjUDP",1066,1,"Car/Van/Truck/SUV","Car/Van/Truck/SUV","","Primary household vehicle",2004,15,"Lexus","RX330","No"
"R_2tKEBIEwavniv4K",1067,1,"Car/Van/Truck/SUV","Car/Van/Truck/SUV","","Primary household vehicle",2011,8,"Lincoln","MKX","No"
"R_2fwKchkJbHqKLDT",1068,1,"Car/Van/Truck/SUV","Car/Van/Truck/SUV","","Primary household vehicle",2006,13,"Pontiac","Vibe","Yes"
"R_2fwKchkJbHqKLDT",1068,2,"Car/Van/Truck/SUV","Car/Van/Truck/SUV","","Secondary household vehicle",2014,5,"Toyota","Tacoma","No"
"R_PGSPuh9ZRjrwQet",1069,1,"Car/Van/Truck/SUV","Car/Van/Truck/SUV","","Primary household vehicle",2010,9,"Honda","CR-V","Yes"
"R_PGSPuh9ZRjrwQet",1069,2,"Car/Van/Truck/SUV","Car/Van/Truck/SUV","","Secondary household vehicle",2010,9,"Kia","Soul","No"
"R_BP6F9xXbUT3K8Rb",1070,1,"Car/Van/Truck/SUV","Car/Van/Truck/SUV","","Primary household vehicle",2008,11,"Nissan","Rogue","No"
"R_26lOJFXwX60p9pb",1071,1,"Car/Van/Truck/SUV","Car/Van/Truck/SUV","","Primary household vehicle",2017,2,"Subaru","Outback","Yes"
"R_26lOJFXwX60p9pb",1071,2,"Car/Van/Truck/SUV","Car/Van/Truck/SUV","","Secondary household vehicle",2011,8,"Ford","Focus","No"
"R_3Rm5Wun07h9uP8C",1072,1,"Car/Van/Truck/SUV","Car/Van/Truck/SUV","","Primary household vehicle",2006,13,"Toyota","Tacoma","No"
"R_2RaJVZr4TzhaL4t",1073,1,"Car/Van/Truck/SUV","Car/Van/Truck/SUV","","Primary household vehicle",2010,9,"Honda","Fit","No"
"R_29tPC4GyrxflrEe",1074,1,"Car/Van/Truck/SUV","Car/Van/Truck/SUV","","Primary household vehicle",2014,5,"Dodge","Charger","Yes"
"R_29tPC4GyrxflrEe",1074,2,"Car/Van/Truck/SUV","Car/Van/Truck/SUV","Jeep","Secondary household vehicle",2013,6,"Jeep","Wrangler","No"
"R_3EpaWiKQHGj8ADj",1075,1,"Car/Van/Truck/SUV","Car/Van/Truck/SUV","","Primary household vehicle",2012,7,"Mazda","6","Yes"
"R_3EpaWiKQHGj8ADj",1075,2,"Car/Van/Truck/SUV","Car/Van/Truck/SUV","","Secondary household vehicle",2004,15,"Toyota","RAV4","No"
"R_12KGZTQUksT3Jc1",1076,1,"Car/Van/Truck/SUV","Car/Van/Truck/SUV","","Primary household vehicle",2016,3,"Nissan","Leaf","Yes"
"R_12KGZTQUksT3Jc1",1076,2,"Car/Van/Truck/SUV","Car/Van/Truck/SUV","","Primary household vehicle",2015,4,"Mitsubishi","Outlander","No"
"R_3F3hKU80vnok5t6",1077,1,"Car/Van/Truck/SUV","Car/Van/Truck/SUV","","Primary household vehicle",2010,9,"Ford","Escape","Yes"
"R_3F3hKU80vnok5t6",1077,2,"Car/Van/Truck/SUV","Car/Van/Truck/SUV","","Secondary household vehicle",2016,3,"Ford","F-150","No"
"R_3hFLHrzp49nneEP",1078,1,"Car/Van/Truck/SUV","Car/Van/Truck/SUV","","Primary household vehicle",2012,7,"Honda","CR-V","Yes"
"R_3hFLHrzp49nneEP",1078,2,"Car/Van/Truck/SUV","Car/Van/Truck/SUV","","Secondary household vehicle",2003,16,"Chrysler","PT Cruiser","No"
"R_zcWuPp5mQUgH46R",1079,1,"Car/Van/Truck/SUV","Car/Van/Truck/SUV","","Secondary household vehicle",1966,53,"GMC","Truck","No"
"R_1Stq2BcspMHGoP7",1080,1,"Car/Van/Truck/SUV","Car/Van/Truck/SUV","","Primary household vehicle",1996,23,"Honda","Accord","Yes"
"R_1Stq2BcspMHGoP7",1080,2,"Car/Van/Truck/SUV","Car/Van/Truck/SUV","","Secondary household vehicle",1991,28,"Chevrolet","S-10","No"
"R_25WKoWFdnDbF1bE",1081,1,"Car/Van/Truck/SUV","Car/Van/Truck/SUV","","Secondary household vehicle",2011,8,"Honda","Odyssey","Yes"
"R_25WKoWFdnDbF1bE",1081,2,"Car/Van/Truck/SUV","Car/Van/Truck/SUV","","Primary household vehicle",2012,7,"Honda","Civic","No"
"R_zU1wziHVJyetjYl",1082,1,"Motorcycle/Scooter/Moped","Motorcycle/Scooter/Moped","","Secondary household vehicle",2014,5,"Suzuki","","No"
"R_1ITpKXt1oofturA",1084,1,"Car/Van/Truck/SUV","Car/Van/Truck/SUV","","Primary household vehicle",2012,7,"Ford","Pickup","Yes"
"R_1ITpKXt1oofturA",1084,2,"Car/Van/Truck/SUV","Car/Van/Truck/SUV","","Secondary household vehicle",2013,6,"Lincoln","","No"
"R_Uotk9HmSJhxXvvb",1085,1,"Car/Van/Truck/SUV","Car/Van/Truck/SUV","","Primary household vehicle",1999,20,"Dodge","Durango","No"
"R_Xpm36oS0elTcbCh",1086,1,"Car/Van/Truck/SUV","Car/Van/Truck/SUV","","Primary household vehicle",2008,11,"Toyota","Corolla","No"
"R_12QpdwQaYsg4Woa",1087,1,"Car/Van/Truck/SUV","Car/Van/Truck/SUV","","Primary household vehicle",2016,3,"Hyundai","Tucson","Yes"
"R_12QpdwQaYsg4Woa",1087,2,"Car/Van/Truck/SUV","Car/Van/Truck/SUV","","Secondary household vehicle",2018,1,"GMC","Yukon Denali","No"
"R_1LXTobEljm6mnz3",1090,1,"Car/Van/Truck/SUV","Car/Van/Truck/SUV","","Primary household vehicle",2008,11,"Lexus","RX400h","Yes"
"R_1LXTobEljm6mnz3",1090,2,"Car/Van/Truck/SUV","Car/Van/Truck/SUV","","Secondary household vehicle",2003,16,"Honda","CR-V","No"
"R_6SizP2EnZublFE5",1091,1,"Car/Van/Truck/SUV","Car/Van/Truck/SUV","","Primary household vehicle",2017,2,"Ford","Fusion Hybrid","Yes"
"R_6SizP2EnZublFE5",1091,2,"Car/Van/Truck/SUV","Car/Van/Truck/SUV","","Primary household vehicle",2013,6,"Nissan","Juke","Yes"
"R_6SizP2EnZublFE5",1091,3,"Car/Van/Truck/SUV","Car/Van/Truck/SUV","","Secondary household vehicle",2008,11,"Ford","Edge","No"
"R_1GVmoXwTzs3MwIU",1092,1,"Car/Van/Truck/SUV","Car/Van/Truck/SUV","","Secondary household vehicle",1999,20,"Dodge","Durango","Yes"
"R_1GVmoXwTzs3MwIU",1092,2,"Car/Van/Truck/SUV","Car/Van/Truck/SUV","","Primary household vehicle",2007,12,"Chevrolet","Tahoe","Yes"
"R_1GVmoXwTzs3MwIU",1092,3,"Car/Van/Truck/SUV","Car/Van/Truck/SUV","","Secondary household vehicle",2013,6,"Hyundai","Sonata","No"
"R_TdOItipr7fuyhJ7",1093,1,"Car/Van/Truck/SUV","Car/Van/Truck/SUV","","Primary household vehicle",2012,7,"Toyota","RAV4","Yes"
"R_TdOItipr7fuyhJ7",1093,2,"Car/Van/Truck/SUV","Car/Van/Truck/SUV","","Secondary household vehicle",2016,3,"Nissan","Frontier","Yes"
"R_TdOItipr7fuyhJ7",1093,3,"Car/Van/Truck/SUV","Car/Van/Truck/SUV","","Secondary household vehicle",1994,25,"Ford","F-150","No"
"R_DMsrIPpEcqK1OkF",1094,1,"Car/Van/Truck/SUV","Car/Van/Truck/SUV","","Primary household vehicle",2007,12,"Acura","TL","Yes"
"R_DMsrIPpEcqK1OkF",1094,2,"Car/Van/Truck/SUV","Car/Van/Truck/SUV","","Primary household vehicle",2000,19,"Honda","Accord","No"
"R_32KliOVAxSGLc3c",1095,1,"Car/Van/Truck/SUV","Car/Van/Truck/SUV","","Primary household vehicle",2009,10,"","","Yes"
"R_32KliOVAxSGLc3c",1095,2,"Car/Van/Truck/SUV","Car/Van/Truck/SUV","","Secondary household vehicle",1997,22,"","","Yes"
"R_32KliOVAxSGLc3c",1095,3,"Car/Van/Truck/SUV","Car/Van/Truck/SUV","","Secondary household vehicle",2005,14,"","","No"
"R_1K45OP9TXgjZUCH",1096,1,"Car/Van/Truck/SUV","Car/Van/Truck/SUV","","Primary household vehicle",2016,3,"Ford","Escape","Yes"
"R_1K45OP9TXgjZUCH",1096,2,"Car/Van/Truck/SUV","Car/Van/Truck/SUV","","Secondary household vehicle",2017,2,"Nissan","Frontier","No"
"R_4NNYMxfvA9v0TKh",1097,1,"Car/Van/Truck/SUV","Car/Van/Truck/SUV","","Primary household vehicle",2012,7,"Ford","Focus","Yes"
"R_4NNYMxfvA9v0TKh",1097,2,"Car/Van/Truck/SUV","Car/Van/Truck/SUV","","Secondary household vehicle",2003,16,"Chevrolet","Silverado","Yes"
"R_4NNYMxfvA9v0TKh",1097,3,"Motorcycle/Scooter/Moped","Motorcycle/Scooter/Moped","","Secondary household vehicle",2015,4,"Harley","","No"
"R_29b10Qrw8m1Jjiu",1098,1,"Car/Van/Truck/SUV","Car/Van/Truck/SUV","","Primary household vehicle",2010,9,"Subaru","Impreza","Yes"
"R_29b10Qrw8m1Jjiu",1098,2,"Car/Van/Truck/SUV","Car/Van/Truck/SUV","","Secondary household vehicle",2000,19,"Toyota","Tacoma","No"
"R_3iElCnTAqsNeRPa",1099,1,"Car/Van/Truck/SUV","Car/Van/Truck/SUV","","Primary household vehicle",2006,13,"Buick","Enclave","Yes"
"R_3iElCnTAqsNeRPa",1099,2,"Car/Van/Truck/SUV","Car/Van/Truck/SUV","","Secondary household vehicle",2004,15,"Ford","Fusion","No"
"R_6QAut8ntAsw9Yjv",1100,1,"Car/Van/Truck/SUV","Car/Van/Truck/SUV","","Primary household vehicle",1998,21,"Mercury","Grand Marquis","Yes"
"R_6QAut8ntAsw9Yjv",1100,2,"Car/Van/Truck/SUV","Car/Van/Truck/SUV","","Secondary household vehicle",2005,14,"Toyota","Tundra","Yes"
"R_6QAut8ntAsw9Yjv",1100,3,"Motorcycle/Scooter/Moped","Motorcycle/Scooter/Moped","","Secondary household vehicle",1994,25,"Honda","XL250","Yes"
"R_6QAut8ntAsw9Yjv",1100,4,"Car/Van/Truck/SUV","Car/Van/Truck/SUV","","Secondary household vehicle",1995,24,"Toyota","Avalon","No"
"R_2WC1VnOdfakNahI",1101,1,"Car/Van/Truck/SUV","Car/Van/Truck/SUV","","Primary household vehicle",2014,5,"Subaru","Outback","No"
"R_wLQoZeBonb94CwV",1102,1,"Car/Van/Truck/SUV","Car/Van/Truck/SUV","","Primary household vehicle",2005,14,"Ford","F-150","No"
"R_1i9748ra8gzJLPz",1103,1,"Car/Van/Truck/SUV","Car/Van/Truck/SUV","","Primary household vehicle",2009,10,"Chevrolet","Traverse","Yes"
"R_1i9748ra8gzJLPz",1103,2,"Car/Van/Truck/SUV","Car/Van/Truck/SUV","","Secondary household vehicle",2009,10,"Chevrolet","Silverado","No"
"R_3nSpYYHQ3KM0FvK",1104,1,"Car/Van/Truck/SUV","Car/Van/Truck/SUV","","Primary household vehicle",2018,1,"Nissan","Altima","Yes"
"R_3nSpYYHQ3KM0FvK",1104,2,"Car/Van/Truck/SUV","Car/Van/Truck/SUV","","Secondary household vehicle",2005,14,"Dodge","Caravan","Yes"
"R_3nSpYYHQ3KM0FvK",1104,3,"Car/Van/Truck/SUV","Car/Van/Truck/SUV","","Secondary household vehicle",1998,21,"Dodge","Ram 1500 Pickup","No"
"R_1gqqYCNFgN7ivgQ",1105,1,"Car/Van/Truck/SUV","Car/Van/Truck/SUV","","Primary household vehicle",2005,14,"Toyota","Sienna","Yes"
"R_1gqqYCNFgN7ivgQ",1105,2,"Car/Van/Truck/SUV","Car/Van/Truck/SUV","","Secondary household vehicle",2013,6,"Ford","Edge","Yes"
"R_1gqqYCNFgN7ivgQ",1105,3,"Car/Van/Truck/SUV","Car/Van/Truck/SUV","","Secondary household vehicle",2002,17,"Toyota","Camry","No"
"R_w7QXBEPopbwb8E9",1106,1,"Car/Van/Truck/SUV","Car/Van/Truck/SUV","","Primary household vehicle",2018,1,"Toyota","RAV4","Yes"
"R_w7QXBEPopbwb8E9",1106,2,"Car/Van/Truck/SUV","Car/Van/Truck/SUV","","Primary household vehicle",2018,1,"Toyota","4Runner","Yes"
"R_w7QXBEPopbwb8E9",1106,3,"Car/Van/Truck/SUV","Car/Van/Truck/SUV","","Secondary household vehicle",2015,4,"Chevrolet","Dulley","No"
"R_22ELPapwnESsGEe",1107,1,"Car/Van/Truck/SUV","Car/Van/Truck/SUV","","Primary household vehicle",2003,16,"Saab","9-3","Yes"
"R_22ELPapwnESsGEe",1107,2,"Car/Van/Truck/SUV","Car/Van/Truck/SUV","","Secondary household vehicle",2011,8,"Mazda","3","Yes"
"R_22ELPapwnESsGEe",1107,3,"Car/Van/Truck/SUV","Car/Van/Truck/SUV","","Secondary household vehicle",2002,17,"Ford","Explorer","Yes"
"R_22ELPapwnESsGEe",1107,4,"Car/Van/Truck/SUV","Car/Van/Truck/SUV","","Secondary household vehicle",2004,15,"Nissan","350z","Yes"
"R_22ELPapwnESsGEe",1107,5,"Motorcycle/Scooter/Moped","Motorcycle/Scooter/Moped","","Secondary household vehicle",2017,2,"Kawasaki","Vulcan","No"
"R_RIaKOLXikBrjivv",1108,1,"Car/Van/Truck/SUV","Car/Van/Truck/SUV","","Primary household vehicle",2007,12,"Subaru","Outback","Yes"
"R_RIaKOLXikBrjivv",1108,2,"Car/Van/Truck/SUV","Car/Van/Truck/SUV","","Primary household vehicle",2015,4,"Subaru","Impreza","No"
"R_3Jsis9UcAjbaMJx",1109,1,"Car/Van/Truck/SUV","Car/Van/Truck/SUV","","Primary household vehicle",1998,21,"Toyota","Tacoma","No"
"R_0T9jzU4wwDbOOm5",1110,1,"Car/Van/Truck/SUV","Car/Van/Truck/SUV","","Primary household vehicle",2006,13,"Kia","Sedona","Yes"
"R_0T9jzU4wwDbOOm5",1110,2,"Car/Van/Truck/SUV","Car/Van/Truck/SUV","","Secondary household vehicle",2002,17,"Subaru","Forester","No"
"R_u2H9uER9QLhDG5b",1111,1,"Car/Van/Truck/SUV","Car/Van/Truck/SUV","","Primary household vehicle",2012,7,"Dodge","Grand Caravan","Yes"
"R_u2H9uER9QLhDG5b",1111,2,"Car/Van/Truck/SUV","Car/Van/Truck/SUV","","Secondary household vehicle",2004,15,"Chevrolet","Venture","No"
"R_1MQEbLVGiA7tYMi",1112,1,"Car/Van/Truck/SUV","Car/Van/Truck/SUV","","Primary household vehicle",2015,4,"Toyota","Corolla","Yes"
"R_1MQEbLVGiA7tYMi",1112,2,"Car/Van/Truck/SUV","Car/Van/Truck/SUV","","Primary household vehicle",1991,28,"Buick","Century","No"
"R_yr9FkAibLoi8T1D",1113,1,"Car/Van/Truck/SUV","Car/Van/Truck/SUV","","Primary household vehicle",2006,13,"Toyota","Corolla","Yes"
"R_yr9FkAibLoi8T1D",1113,2,"Car/Van/Truck/SUV","Car/Van/Truck/SUV","","Primary household vehicle",2014,5,"Jeep","Cherokee","No"
"R_1l5YVifxBTTMqMg",1114,1,"Car/Van/Truck/SUV","Car/Van/Truck/SUV","","Primary household vehicle",2011,8,"Nissan","Rogue","Yes"
"R_1l5YVifxBTTMqMg",1114,2,"Car/Van/Truck/SUV","Car/Van/Truck/SUV","","Secondary household vehicle",2010,9,"Subaru","Forester","No"
"R_22tXIFQdYHcPilx",1115,1,"Car/Van/Truck/SUV","Car/Van/Truck/SUV","","Primary household vehicle",2016,3,"Hyundai","Genesis","No"
"R_1lubW6oOMdnkrV2",1116,1,"Car/Van/Truck/SUV","Car/Van/Truck/SUV","","Primary household vehicle",1993,26,"Toyota","Corolla","No"
"R_3MPWp02lyJUHrGH",1117,1,"Car/Van/Truck/SUV","Car/Van/Truck/SUV","","Primary household vehicle",2018,1,"Honda","Accord","Yes"
"R_3MPWp02lyJUHrGH",1117,2,"Car/Van/Truck/SUV","Car/Van/Truck/SUV","","Secondary household vehicle",2008,11,"Jeep","Grand Cherokee","No"
"R_3khqc32eTYpwTBS",1118,1,"Car/Van/Truck/SUV","Car/Van/Truck/SUV","","Primary household vehicle",2006,13,"Volvo","S40","No"
"R_1mVg4FxwZGgDpG4",1119,1,"Car/Van/Truck/SUV","Car/Van/Truck/SUV","","Primary household vehicle",2015,4,"Chevrolet","Volt","Yes"
"R_1mVg4FxwZGgDpG4",1119,2,"Car/Van/Truck/SUV","Car/Van/Truck/SUV","","Primary household vehicle",2015,4,"Nissan","Leaf","No"
"R_1CyBFPlsffcK1GJ",1120,1,"Car/Van/Truck/SUV","Car/Van/Truck/SUV","","Primary household vehicle",2006,13,"Nissan","Altima","Yes"
"R_1CyBFPlsffcK1GJ",1120,2,"Car/Van/Truck/SUV","Car/Van/Truck/SUV","","Secondary household vehicle",2007,12,"Honda","Accord","Yes"
"R_1CyBFPlsffcK1GJ",1120,3,"Car/Van/Truck/SUV","Car/Van/Truck/SUV","","Secondary household vehicle",2003,16,"Honda","Accord","No"
"R_eXojenvScMCKzRf",1121,1,"Car/Van/Truck/SUV","Car/Van/Truck/SUV","","Primary household vehicle",2002,17,"Toyota","Camry","No"
"R_pbL5p4NNdS6vm2B",1122,1,"Car/Van/Truck/SUV","Car/Van/Truck/SUV","","Primary household vehicle",2014,5,"Honda","CR-V","No"
"R_RQwKNaHEcrgl5KN",1123,1,"Car/Van/Truck/SUV","Car/Van/Truck/SUV","","Primary household vehicle",2001,18,"Ford","F-250","Yes"
"R_RQwKNaHEcrgl5KN",1123,2,"Car/Van/Truck/SUV","Car/Van/Truck/SUV","","Secondary household vehicle",2006,13,"Buick","Lucerne","Yes"
"R_RQwKNaHEcrgl5KN",1123,3,"Car/Van/Truck/SUV","Car/Van/Truck/SUV","","Secondary household vehicle",1993,26,"Buick","Park Ave","No"
"R_3kbTS9Ln8p5fb7c",1124,1,"Car/Van/Truck/SUV","Car/Van/Truck/SUV","","Primary household vehicle",2013,6,"Mazda","3","Yes"
"R_3kbTS9Ln8p5fb7c",1124,2,"Car/Van/Truck/SUV","Car/Van/Truck/SUV","","Primary household vehicle",2009,10,"Hyundai","Elantra","No"
"R_2dnIV5LpKbNb7vA",1125,1,"Car/Van/Truck/SUV","Car/Van/Truck/SUV","","Primary household vehicle",2003,16,"Honda","Accord","Yes"
"R_2dnIV5LpKbNb7vA",1125,2,"Car/Van/Truck/SUV","Car/Van/Truck/SUV","","Primary household vehicle",1994,25,"GMC","","No"
"R_8CdCw9JJseYvizn",1126,1,"Car/Van/Truck/SUV","Car/Van/Truck/SUV","","Primary household vehicle",2004,15,"Chrysler","PT Cruiser","No"
"R_3EzDuPO0Uuv7zMM",1127,1,"Car/Van/Truck/SUV","Car/Van/Truck/SUV","","Primary household vehicle",2011,8,"Ford","Fusion","Yes"
"R_3EzDuPO0Uuv7zMM",1127,2,"Car/Van/Truck/SUV","Car/Van/Truck/SUV","","Primary household vehicle",2003,16,"Hyundai","Santa Fe","Yes"
"R_3EzDuPO0Uuv7zMM",1127,3,"Car/Van/Truck/SUV","Car/Van/Truck/SUV","","Secondary household vehicle",2000,19,"Ford","F-150","No"
"R_2EtoUQ808gVF2MG",1128,1,"Car/Van/Truck/SUV","Car/Van/Truck/SUV","","Secondary household vehicle",2015,4,"Ram","1500","Yes"
"R_2EtoUQ808gVF2MG",1128,2,"Car/Van/Truck/SUV","Car/Van/Truck/SUV","","Secondary household vehicle",2014,5,"Subaru","Outback","No"
"R_1K0UWxmICCDtuTF",1129,1,"Car/Van/Truck/SUV","Car/Van/Truck/SUV","","Primary household vehicle",2013,6,"Honda","Odyssey","Yes"
"R_1K0UWxmICCDtuTF",1129,2,"Car/Van/Truck/SUV","Car/Van/Truck/SUV","","Secondary household vehicle",2003,16,"Nissan","Sentra","No"
"R_2xLtbbtifUnYDSG",1130,1,"Car/Van/Truck/SUV","Car/Van/Truck/SUV","","Primary household vehicle",2015,4,"Hyundai","Santa Fe","Yes"
"R_2xLtbbtifUnYDSG",1130,2,"Car/Van/Truck/SUV","Car/Van/Truck/SUV","","Secondary household vehicle",1996,23,"Dodge","Ram Truck","Yes"
"R_2xLtbbtifUnYDSG",1130,3,"Car/Van/Truck/SUV","Car/Van/Truck/SUV","","Secondary household vehicle",1982,37,"Dodge","Ram Truck","No"
"R_cD7WY0OOFGH7lvj",1131,1,"Car/Van/Truck/SUV","Car/Van/Truck/SUV","","Primary household vehicle",2012,7,"Subaru","Forester","Yes"
"R_cD7WY0OOFGH7lvj",1131,2,"Car/Van/Truck/SUV","Car/Van/Truck/SUV","","Secondary household vehicle",2013,6,"Hyundai","Elantra","No"
"R_3g7wy7Ia3GFosQ4",1132,1,"Car/Van/Truck/SUV","Car/Van/Truck/SUV","","Primary household vehicle",2015,4,"Hyundai","Sonata","Yes"
"R_3g7wy7Ia3GFosQ4",1132,2,"Car/Van/Truck/SUV","Car/Van/Truck/SUV","","Secondary household vehicle",1995,24,"Chevrolet","Pickup","No"
"R_1MZ30rEtpJFAdyG",1133,1,"Car/Van/Truck/SUV","Car/Van/Truck/SUV","","Primary household vehicle",2017,2,"Subaru","Outback","Yes"
"R_1MZ30rEtpJFAdyG",1133,2,"Car/Van/Truck/SUV","Car/Van/Truck/SUV","","Secondary household vehicle",2006,13,"Nissan","Frontier","No"
"R_3j2Rjq3epQyzqFS",1134,1,"Car/Van/Truck/SUV","Car/Van/Truck/SUV","","Primary household vehicle",2005,14,"Honda","Odyssey","Yes"
"R_3j2Rjq3epQyzqFS",1134,2,"Car/Van/Truck/SUV","Car/Van/Truck/SUV","","Secondary household vehicle",2011,8,"Toyota","Camry","Yes"
"R_3j2Rjq3epQyzqFS",1134,3,"Car/Van/Truck/SUV","Car/Van/Truck/SUV","","Secondary household vehicle",2005,14,"Chevrolet","Silverado","No"
"R_3PTeD3tYriQIqSt",1135,1,"Car/Van/Truck/SUV","Car/Van/Truck/SUV","","Primary household vehicle",2008,11,"Ford","Fusion","Yes"
"R_3PTeD3tYriQIqSt",1135,2,"Car/Van/Truck/SUV","Car/Van/Truck/SUV","","Primary household vehicle",2016,3,"Jeep","Compass","No"
"R_2CIh1ZoDp71DkH3",1136,1,"Car/Van/Truck/SUV","Car/Van/Truck/SUV","","Primary household vehicle",2008,11,"Dodge","Ram 2500","No"
"R_3PmIEGhfIRN76Rx",1137,1,"Car/Van/Truck/SUV","Car/Van/Truck/SUV","","Primary household vehicle",2017,2,"Hyundai","Tucson","No"
"R_22PT3EbB9QaWVd8",1138,1,"Car/Van/Truck/SUV","Car/Van/Truck/SUV","","Primary household vehicle",2009,10,"Toyota","Sienna","Yes"
"R_22PT3EbB9QaWVd8",1138,2,"Car/Van/Truck/SUV","Car/Van/Truck/SUV","","Secondary household vehicle",1994,25,"Ford","Ranger","Yes"
"R_22PT3EbB9QaWVd8",1138,3,"Car/Van/Truck/SUV","Car/Van/Truck/SUV","","Secondary household vehicle",2004,15,"Hyundai","Accent","Yes"
"R_22PT3EbB9QaWVd8",1138,4,"Car/Van/Truck/SUV","Car/Van/Truck/SUV","","Secondary household vehicle",1999,20,"Jeep","Cherokee","No"
"R_3hurD8dCKdk2xjK",1139,1,"Car/Van/Truck/SUV","Car/Van/Truck/SUV","","Primary household vehicle",2016,3,"Chrysler","Town and Country","Yes"
"R_3hurD8dCKdk2xjK",1139,2,"Car/Van/Truck/SUV","Car/Van/Truck/SUV","","Secondary household vehicle",2007,12,"Chevrolet","Aveo","No"
"R_1pRM7Jos6qsUigt",1140,1,"Car/Van/Truck/SUV","Car/Van/Truck/SUV","","Primary household vehicle",2006,13,"Subaru","Tribeca","Yes"
"R_1pRM7Jos6qsUigt",1140,2,"Car/Van/Truck/SUV","Car/Van/Truck/SUV","","Secondary household vehicle",1997,22,"Ford","Escort","Yes"
"R_1pRM7Jos6qsUigt",1140,3,"Car/Van/Truck/SUV","Car/Van/Truck/SUV","","Secondary household vehicle",1990,29,"Nissan","Pickup (Standard)","No"
"R_dm5HTEUzA0JyJ5T",1141,1,"Car/Van/Truck/SUV","Car/Van/Truck/SUV","","Primary household vehicle",2004,15,"Honda","Accord","Yes"
"R_dm5HTEUzA0JyJ5T",1141,2,"Car/Van/Truck/SUV","Car/Van/Truck/SUV","","Secondary household vehicle",2004,15,"Nissan","Frontier","No"
"R_3F54LM7OrF2lhbs",1142,1,"Car/Van/Truck/SUV","Car/Van/Truck/SUV","","Primary household vehicle",2004,15,"Chevrolet","Impala","No"
"R_AO39MnOzROZMHZv",1143,1,"Car/Van/Truck/SUV","Car/Van/Truck/SUV","","Secondary household vehicle",2012,7,"Chevrolet","Pickup","Yes"
"R_AO39MnOzROZMHZv",1143,2,"Car/Van/Truck/SUV","Car/Van/Truck/SUV","","Primary household vehicle",2005,14,"Chrysler","Sebring","No"
"R_1CauXdoNs9zF6Nd",1144,1,"Car/Van/Truck/SUV","Car/Van/Truck/SUV","","Secondary household vehicle",1996,23,"Mercury","Mystique","Yes"
"R_1CauXdoNs9zF6Nd",1144,2,"Car/Van/Truck/SUV","Car/Van/Truck/SUV","","Primary household vehicle",2004,15,"Kia","Rio","No"
"R_brpQ3RBwY6NbZLj",1145,1,"Car/Van/Truck/SUV","Car/Van/Truck/SUV","","Primary household vehicle",2007,12,"Saturn","Ion","Yes"
"R_brpQ3RBwY6NbZLj",1145,2,"Car/Van/Truck/SUV","Car/Van/Truck/SUV","","Secondary household vehicle",2004,15,"Saturn","","No"
"R_22nyBdBnfqxtToJ",1146,1,"Car/Van/Truck/SUV","Car/Van/Truck/SUV","","Primary household vehicle",2018,1,"Ford","F-150","Yes"
"R_22nyBdBnfqxtToJ",1146,2,"Car/Van/Truck/SUV","Car/Van/Truck/SUV","","Secondary household vehicle",2017,2,"Nissan","Rogue","Yes"
"R_22nyBdBnfqxtToJ",1146,3,"Car/Van/Truck/SUV","Car/Van/Truck/SUV","","Primary household vehicle",2012,7,"Nissan","Van","Yes"
"R_22nyBdBnfqxtToJ",1146,4,"Car/Van/Truck/SUV","Car/Van/Truck/SUV","","Secondary household vehicle",2012,7,"Nissan","Car","No"
"R_9AebgppeEIhQ5Tb",1147,1,"Car/Van/Truck/SUV","Car/Van/Truck/SUV","","Primary household vehicle",2008,11,"Toyota","Camry","No"
"R_1LNB0l1MD1mZbMt",1148,1,"Car/Van/Truck/SUV","Car/Van/Truck/SUV","","Primary household vehicle",1990,29,"Chevrolet","Suburban","Yes"
"R_1LNB0l1MD1mZbMt",1148,2,"Car/Van/Truck/SUV","Car/Van/Truck/SUV","","Secondary household vehicle",1998,21,"Toyota","Avalon","No"
"R_8CzeTgSOwY4uLfP",1149,1,"Car/Van/Truck/SUV","Car/Van/Truck/SUV","","Primary household vehicle",2001,18,"Toyota","4Runner","Yes"
"R_8CzeTgSOwY4uLfP",1149,2,"Car/Van/Truck/SUV","Car/Van/Truck/SUV","","Secondary household vehicle",1997,22,"Honda","CR-V","No"
"R_bI6qvF6ksFbrfa1",1150,1,"Car/Van/Truck/SUV","Car/Van/Truck/SUV","","Primary household vehicle",2017,2,"Subaru","Outback","Yes"
"R_bI6qvF6ksFbrfa1",1150,2,"Car/Van/Truck/SUV","Car/Van/Truck/SUV","","Secondary household vehicle",1987,32,"BMW","325i","No"
"R_2uIFvCIboQ51z6s",1151,1,"Car/Van/Truck/SUV","Car/Van/Truck/SUV","","Primary household vehicle",2001,18,"Jeep","Grand Cherokee","Yes"
"R_2uIFvCIboQ51z6s",1151,2,"Car/Van/Truck/SUV","Car/Van/Truck/SUV","","Primary household vehicle",1998,21,"Honda","Accord","No"
"R_3HnWlOjDsvxHc8u",1153,1,"Car/Van/Truck/SUV","Car/Van/Truck/SUV","","Primary household vehicle",2006,13,"Kia","Sportage","Yes"
"R_3HnWlOjDsvxHc8u",1153,2,"Car/Van/Truck/SUV","Car/Van/Truck/SUV","","Secondary household vehicle",2003,16,"Buick","Century","No"
"R_3etukgJFjfhgOiD",1154,1,"Car/Van/Truck/SUV","Car/Van/Truck/SUV","","Primary household vehicle",2004,15,"Honda","Accord","Yes"
"R_3etukgJFjfhgOiD",1154,2,"Car/Van/Truck/SUV","Car/Van/Truck/SUV","","Secondary household vehicle",2015,4,"Honda","CR-V","No"
"R_Qh7K8gKEMc38TFD",1155,1,"Car/Van/Truck/SUV","Car/Van/Truck/SUV","","Primary household vehicle",2014,5,"Chevrolet","Malibu","No"
"R_2q9pUbVluQo4qDu",1156,1,"Car/Van/Truck/SUV","Car/Van/Truck/SUV","","Primary household vehicle",2016,3,"Toyota","4Runner","Yes"
"R_2q9pUbVluQo4qDu",1156,2,"Car/Van/Truck/SUV","Car/Van/Truck/SUV","","Secondary household vehicle",1991,28,"Ford","Ranger","No"
"R_30e4UGvPMa1bHOo",1157,1,"Car/Van/Truck/SUV","Car/Van/Truck/SUV","","Primary household vehicle",2001,18,"Nissan","Versa","Yes"
"R_30e4UGvPMa1bHOo",1157,2,"Car/Van/Truck/SUV","Car/Van/Truck/SUV","","Secondary household vehicle",1997,22,"Ford","Taurus","No"
"R_3ezwGgExebj2pp1",1158,1,"Car/Van/Truck/SUV","Car/Van/Truck/SUV","","Primary household vehicle",2011,8,"Hyundai","Accent","No"
"R_puZlt17byrFW2sN",1159,1,"Car/Van/Truck/SUV","Car/Van/Truck/SUV","","Primary household vehicle",2018,1,"Toyota","Highlander","Yes"
"R_puZlt17byrFW2sN",1159,2,"Car/Van/Truck/SUV","Car/Van/Truck/SUV","","Secondary household vehicle",1999,20,"Chevrolet","Tahoe","No"
"R_qxvF5XLwX9LzsHf",1160,1,"Car/Van/Truck/SUV","Car/Van/Truck/SUV","","Primary household vehicle",2010,9,"Honda","Civic","Yes"
"R_qxvF5XLwX9LzsHf",1160,2,"Car/Van/Truck/SUV","Car/Van/Truck/SUV","","Secondary household vehicle",2013,6,"Honda","Accord","No"
"R_T8bFWdtlAZVWQox",1161,1,"Car/Van/Truck/SUV","Car/Van/Truck/SUV","","Secondary household vehicle",1999,20,"Ford","Explorer","Yes"
"R_T8bFWdtlAZVWQox",1161,2,"Car/Van/Truck/SUV","Car/Van/Truck/SUV","","Primary household vehicle",2006,13,"Mazda","6","No"
"R_2bW3TajFKTAzmmS",1162,1,"Car/Van/Truck/SUV","Car/Van/Truck/SUV","","Primary household vehicle",2013,6,"Chevrolet","Equinox","Yes"
"R_2bW3TajFKTAzmmS",1162,2,"Motorcycle/Scooter/Moped","Motorcycle/Scooter/Moped","","Primary household vehicle",1971,48,"Honda","Gold Wing","Yes"
"R_2bW3TajFKTAzmmS",1162,3,"Car/Van/Truck/SUV","Car/Van/Truck/SUV","","Secondary household vehicle",1996,23,"Saturn","Sedan","No"
"R_1qW0pHpFUBCU7ky",1163,1,"Car/Van/Truck/SUV","Car/Van/Truck/SUV","","Primary household vehicle",2012,7,"Chrysler","200","No"
"R_1Eaoz2aI7hC9mNb",1164,1,"Car/Van/Truck/SUV","Car/Van/Truck/SUV","","Primary household vehicle",2005,14,"Honda","Accord","Yes"
"R_1Eaoz2aI7hC9mNb",1164,2,"Car/Van/Truck/SUV","Car/Van/Truck/SUV","","Secondary household vehicle",2000,19,"Dodge","Durango","No"
"R_1H2FPyITU4suTnz",1165,1,"Car/Van/Truck/SUV","Car/Van/Truck/SUV","","Primary household vehicle",2006,13,"Dodge","Caravan","Yes"
"R_1H2FPyITU4suTnz",1165,2,"Car/Van/Truck/SUV","Car/Van/Truck/SUV","","Secondary household vehicle",2005,14,"Dodge","Ram 1500 Pickup","No"
"R_1oe9kSOktTVqC5r",1166,1,"Car/Van/Truck/SUV","Car/Van/Truck/SUV","","Primary household vehicle",2007,12,"BMW","328xi Wagon","Yes"
"R_1oe9kSOktTVqC5r",1166,2,"Car/Van/Truck/SUV","Car/Van/Truck/SUV","","Secondary household vehicle",1996,23,"Toyota","Tacoma","Yes"
"R_1oe9kSOktTVqC5r",1166,3,"Car/Van/Truck/SUV","Car/Van/Truck/SUV","","Secondary household vehicle",1985,34,"Toyota","Pickup","No"
"R_33DRD4uVGg7UIik",1167,1,"Car/Van/Truck/SUV","Car/Van/Truck/SUV","","Primary household vehicle",2006,13,"Nissan","Quest","No"
"R_6z2zld93zjVxYFr",1168,1,"Car/Van/Truck/SUV","Car/Van/Truck/SUV","","Primary household vehicle",2011,8,"Toyota","Corolla","Yes"
"R_6z2zld93zjVxYFr",1168,2,"Car/Van/Truck/SUV","Car/Van/Truck/SUV","","Secondary household vehicle",2009,10,"Toyota","Corolla","No"
"R_1ImDbOnjqcZDz9v",1169,1,"Car/Van/Truck/SUV","Car/Van/Truck/SUV","","Primary household vehicle",2009,10,"Toyota","Highlander Hybrid","Yes"
"R_1ImDbOnjqcZDz9v",1169,2,"Car/Van/Truck/SUV","Car/Van/Truck/SUV","","Secondary household vehicle",2003,16,"Honda","Civic","No"
"R_2AYGazN9g5j4QX8",1170,1,"Car/Van/Truck/SUV","Car/Van/Truck/SUV","","Primary household vehicle",2015,4,"Subaru","Outback","Yes"
"R_2AYGazN9g5j4QX8",1170,2,"Car/Van/Truck/SUV","Car/Van/Truck/SUV","","Primary household vehicle",2016,3,"Toyota","Corolla","No"
"R_QmFhomy4UaJfVyF",1171,1,"Car/Van/Truck/SUV","Car/Van/Truck/SUV","","Primary household vehicle",2016,3,"Jeep","Renegade","No"
"R_22Am6pCNswevs9J",1172,1,"Car/Van/Truck/SUV","Car/Van/Truck/SUV","","Primary household vehicle",2010,9,"Honda","Odyssey","Yes"
"R_22Am6pCNswevs9J",1172,2,"Car/Van/Truck/SUV","Car/Van/Truck/SUV","","Secondary household vehicle",2016,3,"Honda","Fit","No"
"R_OJsAWAGG9ptra0x",1173,1,"Car/Van/Truck/SUV","Car/Van/Truck/SUV","","Secondary household vehicle",2017,2,"Toyota","4Runner","Yes"
"R_OJsAWAGG9ptra0x",1173,2,"Car/Van/Truck/SUV","Car/Van/Truck/SUV","","Primary household vehicle",2006,13,"Toyota","Corolla","No"
"R_2788Xg4gtfcNQbF",1174,1,"Car/Van/Truck/SUV","Car/Van/Truck/SUV","","Primary household vehicle",2017,2,"Nissan","Pathfinder","Yes"
"R_2788Xg4gtfcNQbF",1174,2,"Car/Van/Truck/SUV","Car/Van/Truck/SUV","","Primary household vehicle",2017,2,"Jeep","Cherokee","Yes"
"R_2788Xg4gtfcNQbF",1174,3,"Car/Van/Truck/SUV","Car/Van/Truck/SUV","","Secondary household vehicle",2006,13,"Toyota","Prius","Yes"
"R_2788Xg4gtfcNQbF",1174,4,"Car/Van/Truck/SUV","Car/Van/Truck/SUV","","Secondary household vehicle",2007,12,"Nissan","Frontier","No"
"R_yBWF7wx2oIUTfMZ",1175,1,"Car/Van/Truck/SUV","Car/Van/Truck/SUV","","Primary household vehicle",2013,6,"Toyota","Corolla","No"
"R_2rYJpIIgRmD6YXV",1176,1,"Car/Van/Truck/SUV","Car/Van/Truck/SUV","","Primary household vehicle",2003,16,"Toyota","Avalon","No"
"R_3h6o3cn7kdu21Mo",1177,1,"Car/Van/Truck/SUV","Car/Van/Truck/SUV","","Primary household vehicle",2018,1,"Hyundai","Elantra","No"
"R_1gMznhLhuqpzMW5",1178,2,"Car/Van/Truck/SUV","Car/Van/Truck/SUV","","Primary household vehicle",2016,3,"Hyundai","Sonata","No"
"R_29d0l238Dp5HIHS",1180,1,"Car/Van/Truck/SUV","Car/Van/Truck/SUV","","Primary household vehicle",2013,6,"Ford","Explorer","Yes"
"R_29d0l238Dp5HIHS",1180,2,"Car/Van/Truck/SUV","Car/Van/Truck/SUV","","Secondary household vehicle",2008,11,"Subaru","Impreza","No"
"R_1GNaQlDI5pgToHO",1181,1,"Car/Van/Truck/SUV","Car/Van/Truck/SUV","","Primary household vehicle",2011,8,"Honda","Civic","Yes"
"R_1GNaQlDI5pgToHO",1181,2,"Car/Van/Truck/SUV","Car/Van/Truck/SUV","","Secondary household vehicle",2002,17,"Chrysler","300M","No"
"R_2aW62Ruoog2PIfD",1182,1,"Car/Van/Truck/SUV","Car/Van/Truck/SUV","","Primary household vehicle",2005,14,"GMC","Envoy","Yes"
"R_2aW62Ruoog2PIfD",1182,2,"Car/Van/Truck/SUV","Car/Van/Truck/SUV","","Secondary household vehicle",2000,19,"Saturn","","No"
"R_2TvEmIWQbFPGR0V",1183,1,"Car/Van/Truck/SUV","Car/Van/Truck/SUV","","Primary household vehicle",2004,15,"Ford","Taurus","No"
"R_2WOpBOOEJIZJ1b2",1184,1,"Car/Van/Truck/SUV","Car/Van/Truck/SUV","","Primary household vehicle",2004,15,"Ford","Taurus","No"
"R_O21jHxqHO4mjZxD",1185,1,"Car/Van/Truck/SUV","Car/Van/Truck/SUV","","Primary household vehicle",1996,23,"Buick","Regal","No"
"R_12o35iZkW2Nfo0Q",1186,1,"Car/Van/Truck/SUV","Car/Van/Truck/SUV","","Primary household vehicle",2006,13,"Honda","Odyssey","Yes"
"R_12o35iZkW2Nfo0Q",1186,2,"Car/Van/Truck/SUV","Car/Van/Truck/SUV","","Secondary household vehicle",2006,13,"Chrysler","PT Cruiser","No"
"R_22YdPdP0k88kfJE",1187,1,"Car/Van/Truck/SUV","Car/Van/Truck/SUV","","Primary household vehicle",2007,12,"Honda","Odyssey","No"
"R_YSMwrhnecNduGkx",1188,1,"Car/Van/Truck/SUV","Car/Van/Truck/SUV","","Primary household vehicle",2006,13,"Toyota","Prius","No"
"R_2WASzInASrdZVRL",1190,1,"Car/Van/Truck/SUV","Car/Van/Truck/SUV","","Primary household vehicle",2015,4,"Toyota","Sienna","Yes"
"R_2WASzInASrdZVRL",1190,2,"Car/Van/Truck/SUV","Car/Van/Truck/SUV","","Secondary household vehicle",2008,11,"Toyota","Camry","No"
"R_D16XNtVSVQuGDyV",1192,1,"Car/Van/Truck/SUV","Car/Van/Truck/SUV","","Primary household vehicle",2010,9,"Ford","Fusion","No"
"R_3kNGIs6p73XOKuK",1193,1,"Car/Van/Truck/SUV","Car/Van/Truck/SUV","","Primary household vehicle",2011,8,"Honda","CR-V","No"
"R_vw4ZqnAeyfm9hL3",1195,1,"Car/Van/Truck/SUV","Car/Van/Truck/SUV","","Primary household vehicle",2009,10,"Toyota","Camry","No"
"R_1joIPfMKTSJtJ2z",1196,1,"Car/Van/Truck/SUV","Car/Van/Truck/SUV","","Primary household vehicle",2010,9,"Chevrolet","Camaro","Yes"
"R_1joIPfMKTSJtJ2z",1196,2,"Car/Van/Truck/SUV","Car/Van/Truck/SUV","","Secondary household vehicle",2006,13,"Pontiac","G6","No"
"R_vGh1Cce2uEx67N7",1197,1,"Car/Van/Truck/SUV","Car/Van/Truck/SUV","","Primary household vehicle",2001,18,"Nissan","Altima","No"
"R_2zd5zLrbXSOG7Nq",1198,1,"Car/Van/Truck/SUV","Car/Van/Truck/SUV","","Primary household vehicle",2017,2,"Jeep","Renegade","Yes"
"R_2zd5zLrbXSOG7Nq",1198,2,"Car/Van/Truck/SUV","Car/Van/Truck/SUV","","Secondary household vehicle",2004,15,"Ford","F-150","Yes"
"R_2zd5zLrbXSOG7Nq",1198,3,"Car/Van/Truck/SUV","Car/Van/Truck/SUV","","Secondary household vehicle",2008,11,"Jeep","Wrangler","No"
"R_2TtaXBoqy1gAVut",1199,1,"Car/Van/Truck/SUV","Car/Van/Truck/SUV","","Primary household vehicle",2003,16,"Chevrolet","Venture","No"
"R_27kBOZDKr3hm7E1",1200,1,"Car/Van/Truck/SUV","Car/Van/Truck/SUV","","Primary household vehicle",1997,22,"Honda","Civic","No"
"R_1ob5VwUxjEsK3Ns",1201,1,"Car/Van/Truck/SUV","Car/Van/Truck/SUV","","Primary household vehicle",2012,7,"Dodge","Ram","No"
"R_2TWYWqicIfYsSov",1202,1,"Car/Van/Truck/SUV","Car/Van/Truck/SUV","","Primary household vehicle",2016,3,"Hyundai","Elantra","Yes"
"R_2TWYWqicIfYsSov",1202,2,"Car/Van/Truck/SUV","Car/Van/Truck/SUV","","Primary household vehicle",2016,3,"Hyundai","Elantra","Yes"
"R_2TWYWqicIfYsSov",1202,3,"Motorcycle/Scooter/Moped","Motorcycle/Scooter/Moped","","Secondary household vehicle",2013,6,"SSR Motorsports","XF250","No"
"R_3JJB4oWiX1ZweCl",1203,1,"Car/Van/Truck/SUV","Car/Van/Truck/SUV","","Primary household vehicle",2011,8,"Hyundai","Accent","No"
"R_1r31PYHvTelPerf",1204,1,"Car/Van/Truck/SUV","Car/Van/Truck/SUV","","Secondary household vehicle",2003,16,"Chevrolet","Silverado 1500","Yes"
"R_1r31PYHvTelPerf",1204,2,"Car/Van/Truck/SUV","Car/Van/Truck/SUV","","Primary household vehicle",2010,9,"Toyota","4Runner","No"
"R_3OlFuTsgMAXD7y4",1205,1,"Car/Van/Truck/SUV","Car/Van/Truck/SUV","","Primary household vehicle",2008,11,"Honda","Odyssey","Yes"
"R_3OlFuTsgMAXD7y4",1205,2,"Car/Van/Truck/SUV","Car/Van/Truck/SUV","","Secondary household vehicle",2004,15,"Honda","CR-V","No"
"R_3DncbKfHSZ0pwbC",1206,1,"Car/Van/Truck/SUV","Car/Van/Truck/SUV","","Primary household vehicle",2017,2,"Toyota","RAV4","No"
"R_2D8EytP1aj5znxy",1207,1,"Car/Van/Truck/SUV","Car/Van/Truck/SUV","","Primary household vehicle",2003,16,"Toyota","Highlander","Yes"
"R_2D8EytP1aj5znxy",1207,2,"Car/Van/Truck/SUV","Car/Van/Truck/SUV","","Primary household vehicle",2009,10,"Toyota","Venza","No"
"R_1jcXYv7aenMOr4y",1208,1,"Car/Van/Truck/SUV","Car/Van/Truck/SUV","","Primary household vehicle",2013,6,"Jeep","Wrangler","Yes"
"R_1jcXYv7aenMOr4y",1208,2,"Car/Van/Truck/SUV","Car/Van/Truck/SUV","","Secondary household vehicle",2012,7,"Chevrolet","Cruze","No"
"R_3hB0pt9jvQrY6Dp",1209,1,"Car/Van/Truck/SUV","Car/Van/Truck/SUV","","Primary household vehicle",2017,2,"Honda","CR-V","No"
"R_27VHpa9fc4213lO",1210,1,"Car/Van/Truck/SUV","Car/Van/Truck/SUV","","Primary household vehicle",2013,6,"Nissan","Rogue","Yes"
"R_27VHpa9fc4213lO",1210,2,"Car/Van/Truck/SUV","Car/Van/Truck/SUV","","Secondary household vehicle",1996,23,"Ford","Ranger","No"
"R_9ZiCUCGXNMt1whX",1211,1,"Car/Van/Truck/SUV","Car/Van/Truck/SUV","","Primary household vehicle",2015,4,"Chevrolet","Cruze LTZ","Yes"
"R_9ZiCUCGXNMt1whX",1211,2,"Car/Van/Truck/SUV","Car/Van/Truck/SUV","","Primary household vehicle",1995,24,"Dodge","Ram","No"
"R_1ovhC4A6Q6sgwUT",1212,1,"Car/Van/Truck/SUV","Car/Van/Truck/SUV","","Primary household vehicle",2016,3,"Nissan","Altima","Yes"
"R_1ovhC4A6Q6sgwUT",1212,2,"Car/Van/Truck/SUV","Car/Van/Truck/SUV","","Secondary household vehicle",2015,4,"Nissan","Sentra","No"
"R_SUIWi4lw0Pat6Rr",1213,1,"Car/Van/Truck/SUV","Car/Van/Truck/SUV","","Primary household vehicle",2004,15,"GMC","Envoy","Yes"
"R_SUIWi4lw0Pat6Rr",1213,2,"Car/Van/Truck/SUV","Car/Van/Truck/SUV","","Secondary household vehicle",2016,3,"Ford","SUV","No"
"R_zZ89e7jam6QjJOF",1214,1,"Car/Van/Truck/SUV","Car/Van/Truck/SUV","","Primary household vehicle",2003,16,"Honda","Civic","Yes"
"R_zZ89e7jam6QjJOF",1214,2,"Car/Van/Truck/SUV","Car/Van/Truck/SUV","","Secondary household vehicle",2018,1,"Honda","Civic","Yes"
"R_zZ89e7jam6QjJOF",1214,3,"Car/Van/Truck/SUV","Car/Van/Truck/SUV","","Primary household vehicle",2018,1,"Ford","F-150","No"
"R_1IrTOJosvvZ6ZXy",1215,1,"Car/Van/Truck/SUV","Car/Van/Truck/SUV","","Primary household vehicle",2005,14,"Nissan","Altima","No"
"R_3VLxylQbmt2FNi9",1216,1,"Car/Van/Truck/SUV","Car/Van/Truck/SUV","","Primary household vehicle",2001,18,"GMC","Sierra","Yes"
"R_3VLxylQbmt2FNi9",1216,2,"Car/Van/Truck/SUV","Car/Van/Truck/SUV","","Primary household vehicle",2014,5,"Acura","RDX","No"
"R_bxxeWxIfJMq1kvT",1217,1,"Car/Van/Truck/SUV","Car/Van/Truck/SUV","","Primary household vehicle",2011,8,"Honda","Accord","No"
"R_50iq9YhBzOuY39D",1218,1,"Car/Van/Truck/SUV","Car/Van/Truck/SUV","","Primary household vehicle",2010,9,"Ford","Focus","Yes"
"R_50iq9YhBzOuY39D",1218,2,"Car/Van/Truck/SUV","Car/Van/Truck/SUV","","Primary household vehicle",2001,18,"Subaru","Outback","Yes"
"R_50iq9YhBzOuY39D",1218,3,"Motorcycle/Scooter/Moped","Motorcycle/Scooter/Moped","","Secondary household vehicle",2006,13,"Yamaha","XT225","Yes"
"R_50iq9YhBzOuY39D",1218,4,"Motorcycle/Scooter/Moped","Motorcycle/Scooter/Moped","","Secondary household vehicle",2006,13,"Sym","","No"
"R_1psuQbhTItTaZbp",1219,1,"Car/Van/Truck/SUV","Car/Van/Truck/SUV","","Primary household vehicle",2004,15,"Honda","Odyssey","Yes"
"R_1psuQbhTItTaZbp",1219,2,"Car/Van/Truck/SUV","Car/Van/Truck/SUV","","Secondary household vehicle",2013,6,"Honda","Civic Hybrid","No"
"R_REIYaSL4lN0ThE5",1220,1,"Car/Van/Truck/SUV","Car/Van/Truck/SUV","","Primary household vehicle",2009,10,"Jeep","Liberty","No"
"R_XoCvsGXM54LegN3",1221,1,"Car/Van/Truck/SUV","Car/Van/Truck/SUV","","Primary household vehicle",2018,1,"Toyota","RAV4","No"
"R_12KYo5AAXGNxNsT",1222,1,"Car/Van/Truck/SUV","Car/Van/Truck/SUV","","Primary household vehicle",2007,12,"Honda","Civic","No"
"R_OfGORTOAyakNWDf",1223,1,"Car/Van/Truck/SUV","Car/Van/Truck/SUV","","Primary household vehicle",2008,11,"Hyundai","Veracruz","Yes"
"R_OfGORTOAyakNWDf",1223,2,"Car/Van/Truck/SUV","Car/Van/Truck/SUV","","Secondary household vehicle",2001,18,"Hyundai","Accent","Yes"
"R_OfGORTOAyakNWDf",1223,3,"Car/Van/Truck/SUV","Car/Van/Truck/SUV","","Secondary household vehicle",2005,14,"Ford","Focus","No"
"R_25FTBSpFAFxllOb",1224,1,"Car/Van/Truck/SUV","Car/Van/Truck/SUV","","Primary household vehicle",2008,11,"Toyota","RAV4","Yes"
"R_25FTBSpFAFxllOb",1224,2,"Car/Van/Truck/SUV","Car/Van/Truck/SUV","","Primary household vehicle",NA,NA,"Toyota","Tacoma","No"
"R_ROfLP9qsqgWCbOF",1226,1,"Car/Van/Truck/SUV","Car/Van/Truck/SUV","","Primary household vehicle",2016,3,"Toyota","4Runner","Yes"
"R_ROfLP9qsqgWCbOF",1226,2,"Car/Van/Truck/SUV","Car/Van/Truck/SUV","","Secondary household vehicle",2006,13,"Toyota","Tacoma","Yes"
"R_ROfLP9qsqgWCbOF",1226,3,"Car/Van/Truck/SUV","Car/Van/Truck/SUV","","Secondary household vehicle",2016,3,"Ford","F-150","No"
"R_VItOAAxrpN8zeWl",1227,1,"Car/Van/Truck/SUV","Car/Van/Truck/SUV","","Primary household vehicle",2014,5,"","SUV","No"
"R_1eVlzEryn4U1wnm",1228,1,"Car/Van/Truck/SUV","Car/Van/Truck/SUV","","Primary household vehicle",1999,20,"Cadillac","4 Dr Sedan","No"
"R_3qJswucEb0oMSyt",1229,1,"Car/Van/Truck/SUV","Car/Van/Truck/SUV","","Primary household vehicle",2017,2,"Chrysler","Pacifica","Yes"
"R_3qJswucEb0oMSyt",1229,2,"Car/Van/Truck/SUV","Car/Van/Truck/SUV","","Secondary household vehicle",2011,8,"Ford","Fusion","No"
"R_aa7popnib6LEyFX",1230,1,"Car/Van/Truck/SUV","Car/Van/Truck/SUV","","Primary household vehicle",2004,15,"Toyota","Camry","Yes"
"R_aa7popnib6LEyFX",1230,2,"Car/Van/Truck/SUV","Car/Van/Truck/SUV","","Secondary household vehicle",NA,NA,"Ford","Taurus","No"
"R_1fkJIj8iTuRttBm",1231,1,"Car/Van/Truck/SUV","Car/Van/Truck/SUV","","Primary household vehicle",2004,15,"Mazda","RX-8","No"
"R_1f70dCHrkgC4i29",1232,1,"Car/Van/Truck/SUV","Car/Van/Truck/SUV","","Primary household vehicle",2006,13,"Subaru","Outback 2.5i","No"
"R_3IXzXmpzYGEIgxW",1233,1,"Car/Van/Truck/SUV","Car/Van/Truck/SUV","","Secondary household vehicle",2002,17,"Toyota","Corolla","Yes"
"R_3IXzXmpzYGEIgxW",1233,2,"Car/Van/Truck/SUV","Car/Van/Truck/SUV","","Primary household vehicle",2008,11,"Honda","CR-V","No"
"R_1Nk4VndYwAgo3Rl",1234,1,"Car/Van/Truck/SUV","Car/Van/Truck/SUV","","Primary household vehicle",2017,2,"Subaru","Outback","No"
"R_3J1TCLVbGflSFkE",1242,1,"Car/Van/Truck/SUV","Car/Van/Truck/SUV","","Primary household vehicle",2005,14,"Toyota","Camry","Yes"
"R_3J1TCLVbGflSFkE",1242,2,"Car/Van/Truck/SUV","Car/Van/Truck/SUV","","Primary household vehicle",2005,14,"Chevrolet","Suburban","Yes"
"R_3J1TCLVbGflSFkE",1242,3,"Car/Van/Truck/SUV","Car/Van/Truck/SUV","","Secondary household vehicle",1995,24,"Toyota","Tercel","No"
"R_2tmSnVPNGM4RZm0",1244,1,"Car/Van/Truck/SUV","Car/Van/Truck/SUV","","Primary household vehicle",2005,14,"Chevrolet","Truck","Yes"
"R_2tmSnVPNGM4RZm0",1244,2,"Car/Van/Truck/SUV","Car/Van/Truck/SUV","","Secondary household vehicle",1991,28,"Ford","Truck","Yes"
"R_2tmSnVPNGM4RZm0",1244,3,"Motorcycle/Scooter/Moped","Motorcycle/Scooter/Moped","","Secondary household vehicle",2002,17,"Bombardier","4 Wheeler","No"
"R_d1onDL3f0JQFuBr",1245,1,"Car/Van/Truck/SUV","Car/Van/Truck/SUV","","Primary household vehicle",2000,19,"Toyota","Tacoma","Yes"
"R_d1onDL3f0JQFuBr",1245,2,"Car/Van/Truck/SUV","Car/Van/Truck/SUV","","Primary household vehicle",2015,4,"Subaru","Crosstrek","No"
"R_ZftDspsmuKOUP1T",1246,1,"Car/Van/Truck/SUV","Car/Van/Truck/SUV","","Primary household vehicle",2008,11,"Chevrolet","Trailblazer","Yes"
"R_ZftDspsmuKOUP1T",1246,2,"Car/Van/Truck/SUV","Car/Van/Truck/SUV","","Primary household vehicle",2012,7,"Toyota","Prius C","Yes"
"R_ZftDspsmuKOUP1T",1246,3,"Car/Van/Truck/SUV","Car/Van/Truck/SUV","","Secondary household vehicle",1978,41,"Chevrolet","Truck","No"
"R_3PCa4YYkT3ei2pa",1247,1,"Motorcycle/Scooter/Moped","Motorcycle/Scooter/Moped","","Secondary household vehicle",2016,3,"Genuine","Buddy","No"
"R_3EmuwGXC23A3wQ1",1248,1,"Car/Van/Truck/SUV","Car/Van/Truck/SUV","","Primary household vehicle",2013,6,"Nissan","Sentra","No"
"R_ALiLQDXreuRU0vf",1249,1,"Car/Van/Truck/SUV","Car/Van/Truck/SUV","","Primary household vehicle",2013,6,"Toyota","Sienna","Yes"
"R_ALiLQDXreuRU0vf",1249,2,"Car/Van/Truck/SUV","Car/Van/Truck/SUV","","Secondary household vehicle",2005,14,"Toyota","Tundra","No"
"R_2QtFP2ZM7oVod77",1250,1,"Car/Van/Truck/SUV","Car/Van/Truck/SUV","","Primary household vehicle",2002,17,"Ford","Escape","Yes"
"R_2QtFP2ZM7oVod77",1250,2,"Car/Van/Truck/SUV","Car/Van/Truck/SUV","","Secondary household vehicle",2013,6,"Ford","Fusion","No"
"R_2CNXZkNtVHCyIRd",1251,1,"Car/Van/Truck/SUV","Car/Van/Truck/SUV","","Primary household vehicle",2013,6,"Subaru","Crosstrek","Yes"
"R_2CNXZkNtVHCyIRd",1251,2,"Car/Van/Truck/SUV","Car/Van/Truck/SUV","","Secondary household vehicle",2012,7,"Ford","F-150","No"
"R_ST3i5bKhMqkZ7jj",1252,1,"Car/Van/Truck/SUV","Car/Van/Truck/SUV","2001 Honda Accord ","Primary household vehicle",2001,18,"Honda","Accord","No"
"R_3FPWytLBsjkwD5y",1253,1,"Car/Van/Truck/SUV","Car/Van/Truck/SUV","","Primary household vehicle",2008,11,"Subaru","Tribeca","No"
"R_1H7PORoGh1HNkkC",1254,1,"Car/Van/Truck/SUV","Car/Van/Truck/SUV","","Primary household vehicle",2009,10,"Toyota","Yaris","No"
"R_1LNCsudF9qte5LT",1255,1,"Car/Van/Truck/SUV","Car/Van/Truck/SUV","","Primary household vehicle",2007,12,"Toyota","Sienna","Yes"
"R_1LNCsudF9qte5LT",1255,2,"Car/Van/Truck/SUV","Car/Van/Truck/SUV","","Secondary household vehicle",2005,14,"Honda","Pilot","No"
"R_UlQ6gVp2WhfCQLf",1256,1,"Car/Van/Truck/SUV","Car/Van/Truck/SUV","","Primary household vehicle",2008,11,"Nissan","Altima","No"
"R_3rG8gqtJXwzFvCF",1257,1,"Car/Van/Truck/SUV","Car/Van/Truck/SUV","","Primary household vehicle",2006,13,"Toyota","4Runner","No"
"R_1pA4d4mGEnhYeAk",1258,1,"Car/Van/Truck/SUV","Car/Van/Truck/SUV","","Primary household vehicle",2011,8,"Volkswagen","Golf TDI","Yes"
"R_1pA4d4mGEnhYeAk",1258,2,"Car/Van/Truck/SUV","Car/Van/Truck/SUV","","Secondary household vehicle",2002,17,"Dodge","Ram","No"
"R_2c00jMh1WqDPPk7",1259,1,"Car/Van/Truck/SUV","Car/Van/Truck/SUV","","Primary household vehicle",2007,12,"Toyota","Avalon","Yes"
"R_2c00jMh1WqDPPk7",1259,2,"Car/Van/Truck/SUV","Car/Van/Truck/SUV","","Secondary household vehicle",1999,20,"Dodge","Durango","No"
"R_b9kV7GZ5Jz42ypX",1260,1,"Car/Van/Truck/SUV","Car/Van/Truck/SUV","","Secondary household vehicle",2006,13,"Toyota","Prius","No"
"R_2wpINSErR2DEIhM",1261,1,"Car/Van/Truck/SUV","Car/Van/Truck/SUV","","Primary household vehicle",2008,11,"Toyota","Tundra","Yes"
"R_2wpINSErR2DEIhM",1261,2,"Car/Van/Truck/SUV","Car/Van/Truck/SUV","","Primary household vehicle",2011,8,"Honda","CR-V","Yes"
"R_2wpINSErR2DEIhM",1261,3,"Car/Van/Truck/SUV","Car/Van/Truck/SUV","","Secondary household vehicle",2008,11,"Mazda","3","Yes"
"R_2wpINSErR2DEIhM",1261,4,"Motorcycle/Scooter/Moped","Motorcycle/Scooter/Moped","","Secondary household vehicle",2009,10,"Yamaha","XT250","No"
"R_3k63z1LHekzrPsh",1262,1,"Car/Van/Truck/SUV","Car/Van/Truck/SUV","","Primary household vehicle",2010,9,"Subaru","Forester","Yes"
"R_3k63z1LHekzrPsh",1262,2,"Car/Van/Truck/SUV","Car/Van/Truck/SUV","","Secondary household vehicle",2017,2,"Ford","F-150","No"
"R_2SJECqvjbYjJqVy",1263,1,"Car/Van/Truck/SUV","Car/Van/Truck/SUV","","Primary household vehicle",2016,3,"Honda","Civic","Yes"
"R_2SJECqvjbYjJqVy",1263,2,"Car/Van/Truck/SUV","Car/Van/Truck/SUV","","Secondary household vehicle",2016,3,"Subaru","Legacy","No"
"R_2B5qhCkIfshMoYf",1264,1,"Car/Van/Truck/SUV","Car/Van/Truck/SUV","","Primary household vehicle",2017,2,"Toyota","RAV4","Yes"
"R_2B5qhCkIfshMoYf",1264,2,"Car/Van/Truck/SUV","Car/Van/Truck/SUV","","Secondary household vehicle",2010,9,"Ram","1500","No"
"R_3G0W88DXQj0kGw9",1265,1,"Car/Van/Truck/SUV","Car/Van/Truck/SUV","","Primary household vehicle",2013,6,"Ford","Flex","Yes"
"R_3G0W88DXQj0kGw9",1265,2,"Car/Van/Truck/SUV","Car/Van/Truck/SUV","","Primary household vehicle",2006,13,"Dodge","Dakota","Yes"
"R_3G0W88DXQj0kGw9",1265,3,"Car/Van/Truck/SUV","Car/Van/Truck/SUV","","Secondary household vehicle",1990,29,"Dodge","","No"
"R_XKUamlRgacrr9L3",1266,1,"Car/Van/Truck/SUV","Car/Van/Truck/SUV","","Primary household vehicle",2013,6,"Dodge","Caravan","Yes"
"R_XKUamlRgacrr9L3",1266,2,"Car/Van/Truck/SUV","Car/Van/Truck/SUV","","Secondary household vehicle",2011,8,"Dodge","Ram 2500","Yes"
"R_XKUamlRgacrr9L3",1266,3,"Car/Van/Truck/SUV","Car/Van/Truck/SUV","","Secondary household vehicle",1999,20,"Ford","Crown Victoria","No"
"R_24ICnplyUcEnokm",1268,1,"Car/Van/Truck/SUV","Car/Van/Truck/SUV","","Primary household vehicle",2018,1,"Volkswagen","Atlas","Yes"
"R_24ICnplyUcEnokm",1268,2,"Car/Van/Truck/SUV","Car/Van/Truck/SUV","","Secondary household vehicle",2016,3,"GMC","Canyon","Yes"
"R_24ICnplyUcEnokm",1268,3,"Car/Van/Truck/SUV","Car/Van/Truck/SUV","","Secondary household vehicle",1989,30,"Nissan","Pulsar","No"
"R_24dyJkz5cz01uA3",1269,1,"Car/Van/Truck/SUV","Car/Van/Truck/SUV","","Primary household vehicle",2005,14,"Honda","Pilot","Yes"
"R_24dyJkz5cz01uA3",1269,2,"Car/Van/Truck/SUV","Car/Van/Truck/SUV","","Secondary household vehicle",1990,29,"Ford","Truck","No"
"R_2YM6t776bJ4OK9h",1270,1,"Car/Van/Truck/SUV","Car/Van/Truck/SUV","","Secondary household vehicle",2008,11,"Dodge","Truck","Yes"
"R_2YM6t776bJ4OK9h",1270,2,"Car/Van/Truck/SUV","Car/Van/Truck/SUV","","Secondary household vehicle",2005,14,"Lexus","RX330","No"
